areaname,periodyear,periodname,soclevel,occcode,soctitle,vacancies,vacanrate,medianwage,meanwage,maxwage,minwage,p10th,p25th,p75th,p90th,parttimepct,tempseaspct,reqpostsecedupct,reqworhexppct,reqrelatedworkexppct,reqcertiforlicensepct,vacless60dayspct,occ_code
Minnesota,2024,Year,0,0,"Total, All Occupations",120448,4.3,20.67,25.34,418.97,9.0,14.0,16.23,29.5,42.71,28.0,8.0,36.0,44.0,12.0,49.0,,00-0000
Minnesota,2024,Year,2,110000,Management Occupations,5701,2.8,41.24,44.68,199.78,14.03,24.84,30.85,56.17,69.17,3.0,0.0,81.0,94.0,58.0,55.0,,11-0000
Minnesota,2024,Year,3,111000,Top Executives,302,0.4,36.58,43.54,138.44,19.53,23.82,28.43,52.29,70.76,14.0,0.0,46.0,97.0,40.0,49.0,,11-1000
Minnesota,2024,Year,6,111011,Chief Executives,14,0.2,51.98,55.0,91.51,37.53,37.93,41.93,60.5,65.92,0.0,0.0,100.0,100.0,62.0,59.0,,11-1011
Minnesota,2024,Year,6,111021,General and Operations Managers,288,0.4,35.52,42.99,138.44,19.53,23.69,27.94,50.98,70.68,17.0,0.0,43.0,96.0,39.0,49.0,,11-1021
Minnesota,2024,Year,3,112000,"Advertising, Marketing, Promotions, Public Relatio",1097,5.2,47.49,50.18,124.9,14.59,34.59,40.23,58.39,70.21,1.0,0.0,76.0,88.0,73.0,39.0,,11-2000
Minnesota,2024,Year,6,112011,Advertising and Promotions Managers,9,10.7,41.88,46.43,61.28,36.91,36.91,37.74,47.91,53.95,0.0,0.0,100.0,73.0,23.0,0.0,,11-2011
Minnesota,2024,Year,6,112021,Marketing Managers,636,7.4,48.5,51.58,124.88,19.9,38.57,41.0,58.85,69.9,0.0,0.0,65.0,98.0,90.0,23.0,,11-2021
Minnesota,2024,Year,6,112022,Sales Managers,264,2.5,52.85,52.16,101.6,14.62,29.65,42.79,62.35,69.2,0.0,0.0,85.0,97.0,71.0,47.0,,11-2022
Minnesota,2024,Year,6,112032,Public Relations Managers,41,3.0,43.88,48.71,99.02,21.63,24.57,35.36,59.27,71.46,9.0,0.0,97.0,95.0,71.0,23.0,,11-2032
Minnesota,2024,Year,6,112033,Fundraising Managers,148,22.7,39.18,41.23,86.16,26.03,34.37,38.28,40.64,42.73,0.0,0.0,98.0,26.0,9.0,98.0,,11-2033
Minnesota,2024,Year,3,113000,Operations Specialties Managers,2011,3.9,53.56,53.43,141.83,18.38,31.06,40.95,64.52,73.98,1.0,0.0,87.0,97.0,76.0,51.0,,11-3000
Minnesota,2024,Year,6,113012,Administrative Services Managers,171,2.8,47.59,46.02,87.54,22.58,25.89,30.08,58.22,62.75,2.0,0.0,72.0,96.0,60.0,46.0,,11-3012
Minnesota,2024,Year,6,113013,Facilities Managers,159,6.3,30.05,36.71,81.1,19.83,24.61,26.13,43.63,55.39,0.0,0.0,56.0,86.0,30.0,68.0,,11-3013
Minnesota,2024,Year,6,113021,Computer and Information Systems Managers,292,2.7,59.25,59.7,110.14,20.0,41.71,49.77,69.54,76.26,0.0,0.0,96.0,96.0,87.0,26.0,,11-3021
Minnesota,2024,Year,6,113031,Financial Managers,768,4.6,59.07,59.51,132.17,24.33,41.23,49.4,69.65,76.36,2.0,0.0,99.0,99.0,87.0,65.0,,11-3031
Minnesota,2024,Year,6,113051,Industrial Production Managers,159,3.1,50.6,52.34,105.7,19.9,34.3,40.83,61.1,72.04,0.0,0.0,81.0,94.0,83.0,54.0,,11-3051
Minnesota,2024,Year,6,113061,Purchasing Managers,114,8.2,45.17,48.74,89.99,28.23,37.99,43.18,52.03,63.63,0.0,0.0,96.0,100.0,40.0,10.0,,11-3061
Minnesota,2024,Year,6,113071,"Transportation, Storage, and Distribution Managers",165,4.3,37.31,43.02,141.83,22.2,27.09,30.44,50.6,64.08,3.0,0.0,49.0,91.0,74.0,42.0,,11-3071
Minnesota,2024,Year,6,113111,Compensation and Benefits Managers,40,12.8,56.15,57.4,88.67,29.2,36.66,45.39,68.19,74.62,0.0,0.0,72.0,95.0,87.0,42.0,,11-3111
Minnesota,2024,Year,6,113121,Human Resources Managers,106,2.5,50.49,52.23,109.13,21.91,32.88,41.43,61.39,71.0,0.0,0.0,95.0,99.0,82.0,55.0,,11-3121
Minnesota,2024,Year,6,113131,Training and Development Managers,38,6.2,43.57,48.71,81.96,28.79,32.1,35.85,59.44,65.16,0.0,0.0,89.0,100.0,69.0,41.0,,11-3131
Minnesota,2024,Year,3,119000,Other Management Occupations,2291,4.9,31.97,34.53,199.78,14.46,23.18,26.92,38.34,50.41,3.0,1.0,80.0,95.0,38.0,67.0,,11-9000
Minnesota,2024,Year,6,119013,"Farmers, Ranchers, and Other Agricultural Managers",16,16.0,26.31,28.75,41.77,23.62,24.39,25.76,27.88,33.49,0.0,0.0,15.0,100.0,3.0,62.0,,11-9013
Minnesota,2024,Year,6,119021,Construction Managers,332,6.3,34.59,38.31,79.46,20.65,27.77,28.43,44.5,54.1,0.0,0.0,64.0,100.0,67.0,39.0,,11-9021
Minnesota,2024,Year,6,119031,"Education and Childcare Administrators, Preschool",42,3.7,33.41,34.35,64.16,16.99,24.25,28.79,35.28,39.86,11.0,3.0,94.0,95.0,0.0,100.0,,11-9031
Minnesota,2024,Year,6,119032,"Education Administrators, Kindergarten through Sec",49,1.2,39.72,42.38,66.26,26.28,29.01,32.68,48.39,56.38,0.0,17.0,98.0,94.0,32.0,100.0,,11-9032
Minnesota,2024,Year,6,119033,"Education Administrators, Postsecondary",82,3.7,33.62,37.01,82.35,20.45,24.36,27.14,43.47,54.76,1.0,2.0,97.0,93.0,56.0,40.0,,11-9033
Minnesota,2024,Year,6,119039,"Education Administrators, All Other",18,1.9,29.95,32.45,50.97,22.04,23.69,26.81,33.86,42.43,0.0,6.0,83.0,56.0,17.0,80.0,,11-9039
Minnesota,2024,Year,6,119041,Architectural and Engineering Managers,85,2.0,50.15,51.39,88.59,26.84,36.08,42.03,57.96,66.4,0.0,0.0,98.0,97.0,86.0,63.0,,11-9041
Minnesota,2024,Year,6,119051,Food Service Managers,73,10.9,23.05,25.72,42.41,16.5,19.16,21.68,28.65,32.63,0.0,0.0,54.0,93.0,10.0,69.0,,11-9051
Minnesota,2024,Year,6,119072,"Entertainment and Recreation Managers, Except Gamb",168,40.1,24.27,23.78,33.95,15.21,16.15,21.82,24.76,26.23,17.0,0.0,2.0,98.0,2.0,89.0,,11-9072
Minnesota,2024,Year,6,119081,Lodging Managers,27,7.7,21.29,24.48,40.11,17.96,18.7,20.21,25.08,30.58,0.0,4.0,8.0,101.0,18.0,0.0,,11-9081
Minnesota,2024,Year,6,119111,Medical and Health Services Managers,582,5.7,33.0,38.97,199.78,20.92,29.39,32.08,41.57,54.24,7.0,0.0,100.0,97.0,58.0,96.0,,11-9111
Minnesota,2024,Year,6,119121,Natural Sciences Managers,22,1.5,43.58,46.35,69.0,31.08,33.02,38.36,50.53,59.25,0.0,0.0,90.0,100.0,93.0,72.0,,11-9121
Minnesota,2024,Year,6,119141,"Property, Real Estate, and Community Association M",212,4.2,31.15,32.69,86.61,17.51,21.68,26.34,36.14,41.91,0.0,0.0,79.0,81.0,49.0,31.0,,11-9141
Minnesota,2024,Year,6,119151,Social and Community Service Managers,553,10.4,28.92,29.43,87.52,18.85,23.33,23.71,29.64,38.85,4.0,0.0,97.0,99.0,6.0,64.0,,11-9151
Minnesota,2024,Year,6,119161,Emergency Management Directors,7,3.7,28.36,29.57,35.18,22.7,22.7,24.52,31.53,33.57,0.0,0.0,85.0,100.0,15.0,100.0,,11-9161
Minnesota,2024,Year,6,119199,"Managers, All Other",9,0.2,30.61,35.25,48.23,28.91,28.91,29.0,35.66,38.99,0.0,,11.0,,,,,11-9199
Minnesota,2024,Year,2,130000,Business and Financial Operations Occupations,4870,2.3,32.55,33.52,86.27,11.85,19.6,25.23,39.75,50.37,12.0,5.0,67.0,88.0,39.0,40.0,,13-0000
Minnesota,2024,Year,3,131000,Business Operations Specialists,3370,2.3,31.55,32.53,83.72,11.9,18.3,23.61,38.73,50.74,15.0,7.0,62.0,85.0,38.0,29.0,,13-1000
Minnesota,2024,Year,6,131020,Buyers and Purchasing Agents,469,3.8,30.2,32.17,64.6,14.63,20.63,24.79,37.59,45.82,1.0,0.0,56.0,89.0,25.0,6.0,,13-1020
Minnesota,2024,Year,6,131031,"Claims Adjusters, Examiners, and Investigators",39,0.8,27.85,30.41,81.73,17.53,18.99,23.23,32.28,42.01,4.0,3.0,46.0,95.0,42.0,69.0,,13-1031
Minnesota,2024,Year,6,131041,Compliance Officers,147,2.3,31.29,33.22,67.29,15.55,21.6,24.13,39.75,48.19,1.0,6.0,73.0,84.0,38.0,58.0,,13-1041
Minnesota,2024,Year,6,131051,Cost Estimators,372,8.9,34.59,35.01,56.73,16.85,26.13,33.17,38.3,40.02,0.0,1.0,55.0,99.0,48.0,49.0,,13-1051
Minnesota,2024,Year,6,131071,Human Resources Specialists,301,1.8,29.3,30.44,70.34,14.36,17.59,20.21,40.36,42.56,7.0,1.0,63.0,81.0,30.0,41.0,,13-1071
Minnesota,2024,Year,6,131075,Labor Relations Specialists,26,1.5,32.28,34.99,58.24,18.9,19.98,25.6,40.4,49.74,0.0,17.0,71.0,76.0,31.0,40.0,,13-1075
Minnesota,2024,Year,6,131081,Logisticians,55,1.5,25.45,28.21,54.84,14.67,16.34,20.31,32.49,42.46,14.0,4.0,34.0,66.0,19.0,28.0,,13-1081
Minnesota,2024,Year,6,131082,Project Management Specialists,660,3.7,38.08,39.2,70.43,14.97,22.65,29.15,52.13,52.69,53.0,27.0,70.0,89.0,66.0,30.0,,13-1082
Minnesota,2024,Year,6,131111,Management Analysts,238,1.1,33.4,34.9,70.82,16.89,18.57,26.27,43.22,50.26,0.0,0.0,70.0,96.0,54.0,32.0,,13-1111
Minnesota,2024,Year,6,131121,"Meeting, Convention, and Event Planners",70,3.1,19.04,20.67,49.37,12.62,14.2,16.3,21.43,29.1,12.0,23.0,29.0,40.0,21.0,11.0,,13-1121
Minnesota,2024,Year,6,131131,Fundraisers,77,2.9,23.35,25.67,69.71,17.41,19.0,19.65,28.32,30.88,1.0,0.0,48.0,55.0,8.0,57.0,,13-1131
Minnesota,2024,Year,6,131141,"Compensation, Benefits, and Job Analysis Specialis",98,6.2,30.34,34.19,80.41,15.72,22.92,25.69,38.55,50.01,0.0,1.0,87.0,90.0,33.0,28.0,,13-1141
Minnesota,2024,Year,6,131151,Training and Development Specialists,295,3.4,16.7,21.9,59.72,13.01,15.5,15.69,26.07,33.68,8.0,1.0,23.0,67.0,16.0,22.0,,13-1151
Minnesota,2024,Year,6,131161,Market Research Analysts and Marketing Specialists,299,1.2,31.78,32.73,69.51,13.79,20.52,25.23,38.57,46.88,1.0,1.0,68.0,88.0,45.0,19.0,,13-1161
Minnesota,2024,Year,6,131199,"Business Operations Specialists, All Other",222,1.3,29.65,29.54,62.36,13.57,22.04,25.82,31.39,36.31,36.0,1.0,83.0,90.0,10.0,14.0,,13-1199
Minnesota,2024,Year,3,132000,Financial Specialists,1501,2.5,33.95,35.76,84.95,14.71,24.07,28.11,41.88,49.72,5.0,1.0,81.0,94.0,39.0,66.0,,13-2000
Minnesota,2024,Year,6,132011,Accountants and Auditors,1048,3.4,34.31,36.0,83.55,16.01,23.89,29.16,41.64,49.52,8.0,0.0,88.0,96.0,39.0,73.0,,13-2011
Minnesota,2024,Year,6,132020,Property Appraisers and Assessors,24,1.6,29.7,30.82,43.6,21.45,28.41,29.2,30.23,31.91,0.0,0.0,31.0,96.0,26.0,100.0,,13-2020
Minnesota,2024,Year,6,132031,Budget Analysts,7,1.5,32.74,34.27,48.14,24.48,24.48,28.55,35.35,40.45,0.0,14.0,85.0,86.0,57.0,14.0,,13-2031
Minnesota,2024,Year,6,132041,Credit Analysts,13,1.1,43.12,44.18,55.63,23.02,24.99,36.82,46.91,51.28,1.0,0.0,91.0,100.0,84.0,64.0,,13-2041
Minnesota,2024,Year,6,132051,Financial and Investment Analysts,176,2.6,36.43,37.85,69.23,18.67,25.87,30.67,43.61,50.51,0.0,1.0,93.0,89.0,49.0,34.0,,13-2051
Minnesota,2024,Year,6,132052,Personal Financial Advisors,84,1.3,25.66,30.4,63.92,21.87,24.48,24.92,26.51,43.38,8.0,0.0,18.0,96.0,14.0,90.0,,13-2052
Minnesota,2024,Year,6,132053,Insurance Underwriters,40,1.5,41.12,41.69,59.3,23.53,30.45,36.53,45.7,50.23,0.0,0.0,90.0,91.0,68.0,57.0,,13-2053
Minnesota,2024,Year,6,132054,Financial Risk Specialists,14,1.5,38.68,40.03,60.07,17.99,21.36,31.76,46.24,53.22,0.0,0.0,77.0,92.0,53.0,36.0,,13-2054
Minnesota,2024,Year,6,132061,Financial Examiners,9,0.8,45.03,46.28,64.44,31.04,31.04,33.54,52.4,58.11,0.0,0.0,100.0,100.0,75.0,44.0,,13-2061
Minnesota,2024,Year,6,132071,Credit Counselors,3,0.5,18.94,20.78,24.27,16.0,16.0,16.0,24.27,24.27,,,,,,,,13-2071
Minnesota,2024,Year,6,132072,Loan Officers,30,0.4,25.02,31.53,69.55,18.44,19.95,22.85,34.53,47.44,0.0,0.0,33.0,55.0,19.0,27.0,,13-2072
Minnesota,2024,Year,6,132081,"Tax Examiners and Collectors, and Revenue Agents",4,1.5,28.76,34.41,48.64,21.51,21.51,22.01,33.61,42.32,,,,,,,,13-2081
Minnesota,2024,Year,6,132099,"Financial Specialists, All Other",35,4.4,26.48,30.41,67.89,17.42,19.92,23.73,33.15,42.85,5.0,3.0,53.0,99.0,23.0,33.0,,13-2099
Minnesota,2024,Year,2,150000,Computer and Mathematical Occupations,2772,2.8,49.52,49.88,108.42,14.78,27.69,37.2,62.99,72.03,2.0,18.0,89.0,93.0,64.0,33.0,,15-0000
Minnesota,2024,Year,3,151200,Computer Occupations,2611,,49.68,49.89,108.13,14.78,27.51,37.0,63.13,72.03,,19.0,86.0,93.0,64.0,33.0,,15-1200
Minnesota,2024,Year,6,151211,Computer Systems Analysts,362,3.4,51.01,53.28,86.7,22.8,35.15,42.98,67.49,71.74,2.0,17.0,95.0,94.0,75.0,53.0,,15-1211
Minnesota,2024,Year,6,151212,Information Security Analysts,192,7.5,56.58,53.49,85.54,19.92,34.61,41.84,64.54,64.85,4.0,0.0,92.0,98.0,78.0,30.0,,15-1212
Minnesota,2024,Year,6,151221,Computer and Information Research Scientists,35,69.3,52.42,53.18,88.41,22.87,30.37,35.09,66.11,74.57,0.0,10.0,95.0,88.0,68.0,68.0,,15-1221
Minnesota,2024,Year,6,151231,Computer Network Support Specialists,7,0.2,26.72,35.68,60.95,23.68,23.68,23.92,40.57,51.94,2.0,0.0,54.0,100.0,40.0,60.0,,15-1231
Minnesota,2024,Year,6,151232,Computer User Support Specialists,430,2.9,32.93,35.36,77.7,14.98,19.21,25.72,44.2,54.73,6.0,0.0,70.0,83.0,28.0,39.0,,15-1232
Minnesota,2024,Year,6,151241,Computer Network Architects,38,1.9,46.38,49.64,85.84,20.0,29.87,37.4,57.95,70.1,2.0,0.0,95.0,88.0,60.0,52.0,,15-1241
Minnesota,2024,Year,6,151242,Database Administrators,16,1.6,44.16,44.11,66.7,18.75,25.64,36.43,48.66,56.45,0.0,0.0,87.0,98.0,84.0,44.0,,15-1242
Minnesota,2024,Year,6,151243,Database Architects,31,3.4,57.66,55.03,72.27,27.96,37.09,47.72,61.04,63.05,3.0,0.0,96.0,100.0,80.0,33.0,,15-1243
Minnesota,2024,Year,6,151244,Network and Computer Systems Administrators,113,2.6,37.67,39.33,80.56,18.44,22.82,28.53,47.87,57.4,3.0,0.0,80.0,87.0,55.0,37.0,,15-1244
Minnesota,2024,Year,6,151251,Computer Programmers,9,0.5,38.88,43.79,68.17,23.87,23.87,30.66,52.17,60.58,0.0,11.0,96.0,98.0,58.0,19.0,,15-1251
Minnesota,2024,Year,6,151252,Software Developers,1199,3.0,56.92,55.16,106.82,21.72,33.28,43.82,67.1,72.05,0.0,35.0,90.0,97.0,76.0,23.0,,15-1252
Minnesota,2024,Year,6,151253,Software Quality Assurance Analysts and Testers,85,2.9,42.06,44.9,78.1,26.85,37.98,41.31,43.91,52.8,2.0,0.0,98.0,97.0,16.0,15.0,,15-1253
Minnesota,2024,Year,6,151254,Web Developers,25,1.7,50.54,59.22,101.1,32.49,34.49,42.96,63.63,89.18,5.0,0.0,95.0,90.0,72.0,49.0,,15-1254
Minnesota,2024,Year,6,151255,Web and Digital Interface Designers,20,1.3,36.93,38.71,64.15,19.54,22.68,28.35,42.78,51.94,0.0,5.0,73.0,95.0,19.0,15.0,,15-1255
Minnesota,2024,Year,6,151299,"Computer Occupations, All Other",49,1.3,40.58,41.7,82.83,15.0,15.0,30.54,51.82,62.95,1.0,1.0,75.0,74.0,37.0,41.0,,15-1299
Minnesota,2024,Year,3,152000,Mathematical Science Occupations,162,2.4,47.44,49.76,94.25,22.61,33.25,38.91,58.57,67.69,0.0,0.0,95.0,96.0,68.0,46.0,,15-2000
Minnesota,2024,Year,6,152011,Actuaries,72,8.6,48.99,50.13,85.02,27.1,34.71,39.91,58.72,65.06,0.0,0.0,100.0,99.0,66.0,53.0,,15-2011
Minnesota,2024,Year,6,152031,Operations Research Analysts,42,3.2,40.68,43.66,79.0,25.29,29.88,35.57,50.08,57.29,0.0,0.0,90.0,100.0,64.0,51.0,,15-2031
Minnesota,2024,Year,6,152051,Data Scientists,43,1.2,53.1,55.52,91.69,24.92,34.94,38.86,65.8,78.09,0.0,0.0,90.0,90.0,79.0,29.0,,15-2051
Minnesota,2024,Year,2,170000,Architecture and Engineering Occupations,2531,4.4,38.12,39.28,99.09,13.62,21.9,28.99,48.2,57.63,1.0,1.0,85.0,85.0,49.0,75.0,,17-0000
Minnesota,2024,Year,3,171000,"Architects, Surveyors, and Cartographers",110,2.4,39.73,38.93,69.8,20.51,27.65,33.23,41.64,45.36,0.0,0.0,100.0,96.0,71.0,98.0,,17-1000
Minnesota,2024,Year,6,171011,"Architects, Except Landscape and Naval",22,0.9,35.03,36.81,52.59,23.94,24.14,29.2,41.4,44.6,0.0,0.0,100.0,100.0,46.0,100.0,,17-1011
Minnesota,2024,Year,6,171022,Surveyors,72,3.9,39.25,41.09,68.94,23.6,33.32,38.16,40.33,44.03,0.0,0.0,100.0,95.0,94.0,97.0,,17-1022
Minnesota,2024,Year,3,172000,Engineers,1589,4.2,44.81,45.24,98.86,18.42,30.59,36.65,53.73,58.63,0.0,1.0,98.0,91.0,58.0,83.0,,17-2000
Minnesota,2024,Year,6,172011,Aerospace Engineers,7,5.2,42.98,46.54,62.73,30.98,30.98,35.46,51.38,57.32,7.0,0.0,100.0,100.0,73.0,73.0,,17-2011
Minnesota,2024,Year,6,172031,Bioengineers and Biomedical Engineers,26,3.6,41.32,43.1,70.0,25.48,28.47,33.4,49.85,55.44,0.0,1.0,100.0,77.0,57.0,53.0,,17-2031
Minnesota,2024,Year,6,172041,Chemical Engineers,29,16.3,34.13,37.62,55.77,28.63,30.33,32.44,41.09,44.55,0.0,0.0,100.0,85.0,26.0,69.0,,17-2041
Minnesota,2024,Year,6,172051,Civil Engineers,428,9.8,46.2,44.52,81.24,20.54,30.79,37.35,48.76,56.65,0.0,0.0,96.0,97.0,67.0,97.0,,17-2051
Minnesota,2024,Year,6,172061,Computer Hardware Engineers,40,7.2,45.45,49.86,77.57,29.37,29.82,35.44,64.34,72.05,0.0,1.0,100.0,97.0,49.0,66.0,,17-2061
Minnesota,2024,Year,6,172071,Electrical Engineers,226,6.6,56.05,50.43,80.97,22.21,34.53,42.62,57.39,57.88,0.0,0.0,99.0,90.0,75.0,90.0,,17-2071
Minnesota,2024,Year,6,172072,"Electronics Engineers, Except Computer",39,4.0,43.56,44.52,67.72,23.07,29.34,34.77,52.2,56.8,0.0,0.0,97.0,84.0,46.0,89.0,,17-2072
Minnesota,2024,Year,6,172081,Environmental Engineers,97,9.9,38.12,40.57,73.11,24.78,26.98,30.92,47.86,54.94,0.0,2.0,99.0,94.0,37.0,80.0,,17-2081
Minnesota,2024,Year,6,172111,"Health and Safety Engineers, Except Mining Safety",34,11.8,37.87,41.58,63.02,30.52,31.21,32.71,47.55,53.35,0.0,0.0,100.0,98.0,40.0,88.0,,17-2111
Minnesota,2024,Year,6,172112,Industrial Engineers,365,2.0,41.78,43.58,82.47,19.38,29.69,35.22,51.42,58.37,0.0,2.0,100.0,85.0,49.0,67.0,,17-2112
Minnesota,2024,Year,6,172131,Materials Engineers,13,7.2,41.25,46.69,89.68,26.51,27.46,33.27,51.46,65.8,0.0,8.0,100.0,89.0,66.0,62.0,,17-2131
Minnesota,2024,Year,6,172141,Mechanical Engineers,204,3.4,43.91,44.67,79.27,22.83,31.52,37.85,50.35,57.86,0.0,0.0,93.0,87.0,69.0,82.0,,17-2141
Minnesota,2024,Year,6,172151,"Mining and Geological Engineers, Including Mining",15,24.4,46.02,48.24,69.68,32.52,33.94,39.41,53.42,59.98,0.0,0.0,100.0,80.0,73.0,93.0,,17-2151
Minnesota,2024,Year,6,172171,Petroleum Engineers,7,11.2,37.05,41.25,55.64,36.63,36.63,36.76,40.07,48.76,0.0,0.0,100.0,100.0,15.0,100.0,,17-2171
Minnesota,2024,Year,6,172199,"Engineers, All Other",57,4.1,55.97,54.39,96.15,26.65,35.17,51.79,57.44,58.32,0.0,0.0,100.0,96.0,8.0,88.0,,17-2199
Minnesota,2024,Year,3,173000,"Drafters, Engineering Technicians, and Mapping Tec",832,5.3,26.51,27.94,74.91,13.65,19.75,21.2,32.13,39.22,1.0,1.0,55.0,73.0,30.0,58.0,,17-3000
Minnesota,2024,Year,6,173011,Architectural and Civil Drafters,70,2.9,35.49,34.63,49.67,19.87,23.64,26.31,38.95,41.45,0.0,0.0,84.0,96.0,64.0,83.0,,17-3011
Minnesota,2024,Year,6,173012,Electrical and Electronics Drafters,18,4.0,27.18,29.72,47.63,20.73,21.68,23.45,32.08,36.87,0.0,0.0,80.0,77.0,34.0,98.0,,17-3012
Minnesota,2024,Year,6,173013,Mechanical Drafters,91,6.3,27.89,28.87,52.1,15.96,19.79,23.17,32.59,38.18,0.0,1.0,80.0,86.0,27.0,51.0,,17-3013
Minnesota,2024,Year,6,173021,Aerospace Engineering and Operations Technologists,11,,24.61,25.35,30.84,18.11,18.43,21.49,26.87,28.39,0.0,0.0,48.0,56.0,0.0,74.0,,17-3021
Minnesota,2024,Year,6,173022,Civil Engineering Technologists and Technicians,160,10.8,29.75,30.79,46.23,15.93,21.97,27.26,34.81,36.64,1.0,1.0,90.0,84.0,44.0,81.0,,17-3022
Minnesota,2024,Year,6,173023,Electrical and Electronic Engineering Technologist,59,4.9,26.63,28.71,49.31,16.92,19.76,22.97,33.15,39.1,0.0,0.0,69.0,73.0,36.0,68.0,,17-3023
Minnesota,2024,Year,6,173024,Electro-Mechanical and Mechatronics Technologists,36,11.3,28.52,30.86,74.81,18.39,21.0,24.46,30.65,33.33,0.0,0.0,59.0,88.0,23.0,42.0,,17-3024
Minnesota,2024,Year,6,173025,Environmental Engineering Technologists and Techni,102,113.4,20.12,21.5,47.03,17.7,19.96,20.05,20.19,22.85,0.0,1.0,11.0,9.0,7.0,15.0,,17-3025
Minnesota,2024,Year,6,173026,Industrial Engineering Technologists and Technicia,162,3.0,25.14,27.06,53.15,14.47,18.69,21.56,30.91,37.8,1.0,1.0,35.0,66.0,31.0,30.0,,17-3026
Minnesota,2024,Year,6,173027,Mechanical Engineering Technologists and Technicia,29,5.5,24.0,27.06,50.02,17.19,17.65,19.63,30.59,38.07,4.0,0.0,35.0,87.0,26.0,29.0,,17-3027
Minnesota,2024,Year,6,173028,Calibration Technologists and Technicians,66,18.0,21.74,23.2,45.53,16.86,17.67,19.36,24.98,26.9,4.0,0.0,10.0,98.0,6.0,99.0,,17-3028
Minnesota,2024,Year,6,173029,"Engineering Technologists and Technicians, Except",10,1.5,26.44,28.93,37.66,22.68,22.75,24.83,30.7,34.22,0.0,0.0,100.0,99.0,4.0,100.0,,17-3029
Minnesota,2024,Year,6,173031,Surveying and Mapping Technicians,16,1.8,23.51,25.63,36.26,19.45,19.56,20.5,28.19,31.74,6.0,26.0,57.0,83.0,0.0,100.0,,17-3031
Minnesota,2024,Year,2,190000,"Life, Physical, and Social Science Occupations",1104,3.4,31.6,33.14,85.86,12.94,20.1,24.8,40.59,47.04,9.0,10.0,76.0,83.0,33.0,57.0,,19-0000
Minnesota,2024,Year,3,191000,Life Scientists,380,3.1,30.75,32.59,70.32,13.68,21.18,25.19,38.71,46.75,5.0,18.0,96.0,82.0,34.0,50.0,,19-1000
Minnesota,2024,Year,6,191012,Food Scientists and Technologists,35,,27.81,31.96,54.9,20.34,21.83,24.85,35.01,45.94,0.0,4.0,88.0,80.0,24.0,79.0,,19-1012
Minnesota,2024,Year,6,191013,Soil and Plant Scientists,12,1.9,22.86,26.66,53.27,17.55,17.75,19.15,26.99,37.96,0.0,43.0,41.0,92.0,67.0,68.0,,19-1013
Minnesota,2024,Year,6,191021,Biochemists and Biophysicists,7,3.0,29.55,32.48,45.69,23.26,23.26,25.67,34.4,40.19,0.0,0.0,100.0,100.0,57.0,47.0,,19-1021
Minnesota,2024,Year,6,191023,Zoologists and Wildlife Biologists,34,6.9,40.14,40.66,57.21,17.98,19.76,32.24,45.19,48.94,0.0,0.0,100.0,100.0,7.0,97.0,,19-1023
Minnesota,2024,Year,6,191029,"Biological Scientists, All Other",7,0.7,29.15,35.53,60.31,28.61,28.61,28.77,32.54,46.5,12.0,0.0,100.0,100.0,29.0,100.0,,19-1029
Minnesota,2024,Year,6,191041,Epidemiologists,3,1.2,32.01,35.02,41.05,29.56,29.56,29.56,41.05,41.05,0.0,1.0,100.0,94.0,83.0,33.0,,19-1041
Minnesota,2024,Year,6,191042,"Medical Scientists, Except Epidemiologists",268,3.8,30.58,31.91,69.61,13.94,21.19,25.6,36.62,44.41,7.0,22.0,99.0,78.0,36.0,40.0,,19-1042
Minnesota,2024,Year,3,192000,Physical Scientists,161,3.2,41.14,38.62,71.65,16.83,26.43,31.35,41.69,46.37,0.0,4.0,63.0,90.0,61.0,65.0,,19-2000
Minnesota,2024,Year,6,192031,Chemists,24,1.9,31.28,37.82,66.0,16.83,22.69,25.42,46.0,56.19,0.0,0.0,100.0,64.0,23.0,42.0,,19-2031
Minnesota,2024,Year,6,192041,"Environmental Scientists and Specialists, Includin",110,5.6,39.78,38.56,55.83,23.82,28.13,33.29,41.11,42.06,1.0,6.0,45.0,99.0,72.0,69.0,,19-2041
Minnesota,2024,Year,6,192042,"Geoscientists, Except Hydrologists and Geographers",10,3.7,37.85,43.32,62.56,30.16,30.17,30.99,49.51,55.24,0.0,0.0,100.0,78.0,78.0,78.0,,19-2042
Minnesota,2024,Year,6,192043,Hydrologists,13,4.3,31.8,35.59,52.12,25.16,25.63,28.66,38.45,44.37,0.0,0.0,100.0,76.0,29.0,64.0,,19-2043
Minnesota,2024,Year,3,193000,Social Scientists and Related Workers,229,4.4,38.81,39.85,84.3,17.28,26.33,32.3,45.07,54.8,22.0,7.0,94.0,84.0,25.0,88.0,,19-3000
Minnesota,2024,Year,6,193011,Economists,22,10.4,42.52,47.44,78.22,27.15,30.3,34.85,57.25,67.39,0.0,0.0,87.0,82.0,43.0,31.0,,19-3011
Minnesota,2024,Year,6,193033,Clinical and Counseling Psychologists,129,8.6,39.03,40.64,78.75,20.99,25.91,34.46,45.14,55.16,26.0,11.0,100.0,92.0,28.0,98.0,,19-3033
Minnesota,2024,Year,6,193034,School Psychologists,50,4.7,37.33,38.44,62.45,20.24,26.84,31.6,44.01,49.38,19.0,5.0,98.0,71.0,3.0,98.0,,19-3034
Minnesota,2024,Year,6,193051,Urban and Regional Planners,20,2.5,30.42,32.32,56.28,19.22,19.3,19.41,38.22,45.81,0.0,0.0,59.0,63.0,34.0,68.0,,19-3051
Minnesota,2024,Year,6,193091,Anthropologists and Archeologists,4,,32.59,36.23,43.76,30.8,30.8,30.91,36.25,40.65,,,,,,,,19-3091
Minnesota,2024,Year,3,194000,"Life, Physical, and Social Science Technicians",245,3.5,23.06,23.88,49.47,13.64,17.17,19.71,26.98,30.66,4.0,11.0,33.0,79.0,17.0,33.0,,19-4000
Minnesota,2024,Year,6,194012,Agricultural Technicians,43,5.3,19.91,21.4,31.38,16.42,17.62,18.06,22.57,23.36,3.0,3.0,7.0,97.0,2.0,7.0,,19-4012
Minnesota,2024,Year,6,194013,Food Science Technicians,15,4.3,20.59,22.15,30.3,17.49,17.79,18.53,22.98,24.91,8.0,0.0,0.0,93.0,7.0,0.0,,19-4013
Minnesota,2024,Year,6,194021,Biological Technicians,34,1.9,22.84,24.92,43.0,14.67,17.16,19.87,28.92,32.64,0.0,7.0,51.0,58.0,33.0,27.0,,19-4021
Minnesota,2024,Year,6,194031,Chemical Technicians,69,9.5,23.17,24.29,40.19,17.57,22.31,22.82,23.52,25.29,0.0,0.0,8.0,94.0,3.0,5.0,,19-4031
Minnesota,2024,Year,6,194042,"Environmental Science and Protection Technicians,",49,6.8,25.43,25.0,48.12,14.6,18.62,21.22,26.42,29.1,6.0,22.0,89.0,75.0,42.0,84.0,,19-4042
Minnesota,2024,Year,6,194061,Social Science Research Assistants,14,23.3,19.63,21.23,23.12,16.45,16.8,18.5,20.77,21.67,0.0,7.0,0.0,0.0,0.0,83.0,,19-4061
Minnesota,2024,Year,6,194071,Forest and Conservation Technicians,10,1.5,16.45,18.82,28.06,15.67,15.68,15.95,18.68,20.11,9.0,90.0,10.0,58.0,0.0,80.0,,19-4071
Minnesota,2024,Year,6,194092,Forensic Science Technicians,3,2.7,27.35,29.14,32.71,26.29,26.29,26.29,32.71,32.71,0.0,33.0,100.0,67.0,0.0,100.0,,19-4092
Minnesota,2024,Year,3,195000,Occupational Health and Safety Specialists and Tec,89,3.3,34.76,33.88,60.53,16.58,21.21,28.15,37.13,45.72,2.0,0.0,80.0,92.0,47.0,59.0,,19-5000
Minnesota,2024,Year,6,195011,Occupational Health and Safety Specialists,85,3.5,34.85,34.26,60.53,16.67,21.24,28.98,37.4,46.01,0.0,0.0,83.0,92.0,48.0,60.0,,19-5011
Minnesota,2024,Year,6,195012,Occupational Health and Safety Technicians,4,1.2,22.57,25.86,34.77,19.69,19.69,19.69,26.41,31.42,12.0,0.0,0.0,75.0,25.0,50.0,,19-5012
Minnesota,2024,Year,2,210000,Community and Social Service Occupations,4181,7.1,23.94,24.9,66.28,12.05,17.04,19.94,28.54,34.71,25.0,1.0,57.0,70.0,6.0,69.0,,21-0000
Minnesota,2024,Year,3,211000,"Counselors, Social Workers, and Other Community an",4151,7.2,23.94,24.9,66.28,12.05,17.03,19.93,28.56,34.72,25.0,1.0,57.0,70.0,6.0,69.0,,21-1000
Minnesota,2024,Year,6,211011,Substance Abuse and Behavioral Disorder Counselors,765,,24.29,27.13,54.44,13.67,17.73,22.3,34.76,36.56,54.0,1.0,51.0,74.0,3.0,87.0,,21-1011
Minnesota,2024,Year,6,211012,"Educational, Guidance, and Career Counselors and A",103,2.3,23.44,24.55,47.04,14.07,18.43,20.76,26.72,32.75,14.0,15.0,77.0,65.0,11.0,77.0,,21-1012
Minnesota,2024,Year,6,211013,Marriage and Family Therapists,40,1.1,30.39,31.58,52.38,22.44,22.97,23.74,35.62,40.87,0.0,0.0,100.0,56.0,2.0,100.0,,21-1013
Minnesota,2024,Year,6,211014,Mental Health Counselors,386,,31.43,32.3,64.01,16.34,22.66,26.08,36.73,43.1,19.0,1.0,100.0,84.0,14.0,96.0,,21-1014
Minnesota,2024,Year,6,211015,Rehabilitation Counselors,95,3.7,22.9,22.91,38.98,17.94,18.0,18.11,24.73,26.25,0.0,0.0,55.0,56.0,46.0,56.0,,21-1015
Minnesota,2024,Year,6,211019,"Counselors, All Other",11,2.3,22.86,23.68,28.64,16.0,16.26,19.95,24.64,26.08,14.0,1.0,27.0,28.0,0.0,34.0,,21-1019
Minnesota,2024,Year,6,211021,"Child, Family, and School Social Workers",312,4.9,25.64,27.02,54.69,14.3,19.91,22.59,30.12,35.48,17.0,4.0,95.0,65.0,3.0,99.0,,21-1021
Minnesota,2024,Year,6,211022,Healthcare Social Workers,96,3.8,23.61,25.61,50.41,16.66,17.42,17.95,30.07,35.54,23.0,0.0,101.0,69.0,2.0,75.0,,21-1022
Minnesota,2024,Year,6,211023,Mental Health and Substance Abuse Social Workers,350,10.2,26.53,28.47,53.26,17.16,23.03,25.53,30.58,34.98,12.0,0.0,100.0,84.0,4.0,98.0,,21-1023
Minnesota,2024,Year,6,211029,"Social Workers, All Other",24,0.3,25.28,26.13,35.55,20.08,20.33,22.7,27.95,30.6,0.0,0.0,81.0,79.0,35.0,80.0,,21-1029
Minnesota,2024,Year,6,211091,Health Education Specialists,16,1.1,22.48,23.91,37.19,15.34,15.74,17.57,26.94,31.27,59.0,0.0,48.0,58.0,15.0,69.0,,21-1091
Minnesota,2024,Year,6,211092,Probation Officers and Correctional Treatment Spec,6,0.3,30.18,28.71,32.72,21.62,21.62,22.58,32.09,32.6,0.0,0.0,84.0,67.0,0.0,100.0,,21-1092
Minnesota,2024,Year,6,211093,Social and Human Service Assistants,1794,15.9,20.81,20.92,41.59,12.7,15.05,17.7,23.92,25.34,17.0,0.0,31.0,63.0,4.0,42.0,,21-1093
Minnesota,2024,Year,6,211094,Community Health Workers,36,3.3,22.06,23.66,28.24,17.67,18.71,20.62,23.5,25.17,5.0,1.0,86.0,70.0,0.0,100.0,,21-1094
Minnesota,2024,Year,6,211099,"Community and Social Service Specialists, All Othe",116,3.9,28.58,29.77,31.18,20.48,27.21,27.72,29.44,29.95,14.0,0.0,95.0,99.0,0.0,95.0,,21-1099
Minnesota,2024,Year,3,212000,Religious Workers,30,1.7,23.39,24.38,38.08,15.53,17.51,20.19,26.98,30.57,30.0,0.0,81.0,65.0,11.0,67.0,,21-2000
Minnesota,2024,Year,6,212011,Clergy,25,2.6,23.75,24.79,38.08,16.97,17.79,19.99,27.84,31.33,35.0,0.0,96.0,75.0,13.0,82.0,,21-2011
Minnesota,2024,Year,2,230000,Legal Occupations,392,1.9,33.82,38.27,102.61,16.56,19.09,28.9,43.22,59.83,1.0,4.0,96.0,74.0,24.0,87.0,,23-0000
Minnesota,2024,Year,3,231000,"Lawyers, Judges, and Related Workers",271,2.0,39.62,43.41,102.61,19.87,28.74,30.73,50.11,65.7,1.0,5.0,99.0,81.0,29.0,90.0,,23-1000
Minnesota,2024,Year,6,231011,Lawyers,230,1.8,39.96,45.64,102.61,24.31,28.71,33.24,53.15,68.71,0.0,5.0,98.0,93.0,33.0,95.0,,23-1011
Minnesota,2024,Year,6,231012,Judicial Law Clerks,29,,28.37,30.81,49.26,20.0,20.0,26.58,30.17,31.58,19.0,10.0,100.0,7.0,0.0,50.0,,23-1012
Minnesota,2024,Year,3,232000,Legal Support Workers,122,1.7,25.68,26.84,55.05,16.57,18.25,18.83,31.29,37.51,0.0,2.0,91.0,62.0,14.0,82.0,,23-2000
Minnesota,2024,Year,6,232011,Paralegals and Legal Assistants,102,1.5,25.18,26.78,54.91,16.64,17.55,18.36,31.45,38.35,0.0,2.0,96.0,54.0,16.0,82.0,,23-2011
Minnesota,2024,Year,6,232099,"Legal Support Workers, All Other",16,14.3,26.99,29.56,36.36,22.27,23.38,25.15,29.01,32.81,0.0,0.0,93.0,94.0,0.0,100.0,,23-2099
Minnesota,2024,Year,2,250000,Educational Instruction and Library Occupations,5730,3.4,21.98,23.5,172.96,9.0,15.78,18.24,27.25,32.85,38.0,25.0,71.0,31.0,6.0,86.0,,25-0000
Minnesota,2024,Year,3,251000,Postsecondary Teachers,589,2.8,30.97,32.49,172.96,11.86,22.34,26.42,36.66,43.7,18.0,13.0,99.0,89.0,48.0,74.0,,25-1000
Minnesota,2024,Year,6,251011,"Business Teachers, Postsecondary",23,2.1,30.86,34.11,63.53,11.92,20.5,25.69,38.76,49.66,20.0,13.0,100.0,87.0,52.0,44.0,,25-1011
Minnesota,2024,Year,6,251021,"Computer Science Teachers, Postsecondary",9,1.7,27.78,29.46,42.61,20.17,20.17,23.75,31.8,36.44,39.0,33.0,100.0,78.0,11.0,56.0,,25-1021
Minnesota,2024,Year,6,251022,"Mathematical Science Teachers, Postsecondary",11,1.8,28.63,29.87,43.13,19.14,19.56,24.95,32.05,36.19,29.0,27.0,100.0,91.0,18.0,57.0,,25-1022
Minnesota,2024,Year,6,251032,"Engineering Teachers, Postsecondary",12,2.2,29.94,30.82,44.44,21.23,21.76,25.89,32.09,36.2,10.0,3.0,100.0,75.0,42.0,50.0,,25-1032
Minnesota,2024,Year,6,251042,"Biological Science Teachers, Postsecondary",30,3.8,31.76,33.48,55.6,17.33,22.11,26.77,38.55,45.06,0.0,33.0,100.0,90.0,40.0,50.0,,25-1042
Minnesota,2024,Year,6,251052,"Chemistry Teachers, Postsecondary",5,1.2,28.46,31.18,43.01,20.25,20.25,21.89,34.32,39.35,0.0,20.0,100.0,80.0,40.0,60.0,,25-1052
Minnesota,2024,Year,6,251053,"Environmental Science Teachers, Postsecondary",6,5.5,29.18,31.51,42.44,22.73,22.73,24.53,34.2,38.63,0.0,50.0,100.0,100.0,17.0,50.0,,25-1053
Minnesota,2024,Year,6,251054,"Physics Teachers, Postsecondary",6,2.4,31.73,34.29,47.46,23.85,23.85,25.95,37.32,42.78,25.0,17.0,100.0,100.0,50.0,33.0,,25-1054
Minnesota,2024,Year,6,251062,"Area, Ethnic, and Cultural Studies Teachers, Posts",6,2.6,29.21,31.94,45.13,20.55,20.55,22.71,35.95,41.25,33.0,6.0,100.0,,,33.0,,25-1062
Minnesota,2024,Year,6,251065,"Political Science Teachers, Postsecondary",4,2.0,28.47,31.88,42.24,23.22,23.22,23.22,33.6,38.79,,25.0,100.0,50.0,25.0,50.0,,25-1065
Minnesota,2024,Year,6,251066,"Psychology Teachers, Postsecondary",10,1.4,30.12,31.27,45.37,17.78,17.78,25.84,34.31,38.88,23.0,30.0,90.0,80.0,20.0,90.0,,25-1066
Minnesota,2024,Year,6,251071,"Health Specialties Teachers, Postsecondary",164,5.4,34.71,36.98,172.96,16.09,24.48,29.22,42.22,49.62,7.0,4.0,99.0,94.0,50.0,80.0,,25-1071
Minnesota,2024,Year,6,251072,"Nursing Instructors and Teachers, Postsecondary",53,3.6,27.41,29.6,53.1,17.56,19.91,23.48,34.04,39.66,24.0,22.0,100.0,98.0,28.0,96.0,,25-1072
Minnesota,2024,Year,6,251081,"Education Teachers, Postsecondary",21,1.8,28.85,29.52,46.78,18.47,20.77,24.26,32.44,36.76,40.0,10.0,100.0,81.0,29.0,52.0,,25-1081
Minnesota,2024,Year,6,251113,"Social Work Teachers, Postsecondary",6,1.5,30.03,32.29,41.05,26.23,26.23,27.33,33.42,37.41,0.0,17.0,100.0,100.0,17.0,83.0,,25-1113
Minnesota,2024,Year,6,251121,"Art, Drama, and Music Teachers, Postsecondary",17,1.4,27.63,28.95,45.55,16.94,18.94,23.09,32.64,37.47,13.0,35.0,94.0,94.0,29.0,77.0,,25-1121
Minnesota,2024,Year,6,251123,"English Language and Literature Teachers, Postseco",9,1.0,27.96,30.61,46.91,19.27,19.27,22.27,34.73,40.74,25.0,33.0,100.0,89.0,33.0,67.0,,25-1123
Minnesota,2024,Year,6,251124,"Foreign Language and Literature Teachers, Postseco",6,1.5,29.5,32.36,44.62,22.95,22.95,24.88,35.14,40.28,,,,,,,,25-1124
Minnesota,2024,Year,6,251194,"Career/Technical Education Teachers, Postsecondary",135,10.0,30.73,30.8,46.59,16.67,23.45,30.12,31.34,31.84,30.0,2.0,100.0,98.0,87.0,99.0,,25-1194
Minnesota,2024,Year,6,251199,"Postsecondary Teachers, All Other",22,0.9,25.71,26.84,43.85,16.61,18.96,21.9,29.57,34.25,0.0,45.0,100.0,44.0,8.0,46.0,,25-1199
Minnesota,2024,Year,3,252000,"Preschool, Elementary, Middle, Secondary, and Spec",2645,3.3,23.83,24.72,55.39,11.79,18.05,20.04,28.46,32.99,12.0,20.0,99.0,24.0,1.0,98.0,,25-2000
Minnesota,2024,Year,6,252011,"Preschool Teachers, Except Special Education",697,6.4,19.29,21.29,42.58,11.93,16.7,18.23,23.23,28.81,11.0,2.0,99.0,34.0,1.0,95.0,,25-2011
Minnesota,2024,Year,6,252012,"Kindergarten Teachers, Except Special Education",14,0.5,26.14,27.38,37.62,18.12,19.03,22.48,31.1,34.01,7.0,44.0,100.0,0.0,0.0,100.0,,25-2012
Minnesota,2024,Year,6,252021,"Elementary School Teachers, Except Special Educati",588,2.4,25.28,25.91,48.82,13.61,18.98,21.81,29.48,33.15,10.0,26.0,100.0,13.0,0.0,99.0,,25-2021
Minnesota,2024,Year,6,252022,"Middle School Teachers, Except Special and Career/",147,1.4,25.14,25.85,45.36,13.34,18.65,21.51,29.44,33.69,24.0,27.0,100.0,27.0,0.0,99.0,,25-2022
Minnesota,2024,Year,6,252023,"Career/Technical Education Teachers, Middle School",6,3.5,24.45,25.7,32.96,19.06,19.06,20.56,27.83,30.71,,,,,,,,25-2023
Minnesota,2024,Year,6,252031,"Secondary School Teachers, Except Special and Care",389,2.2,25.12,25.96,49.52,13.41,18.66,21.66,29.69,34.01,22.0,31.0,96.0,14.0,1.0,96.0,,25-2031
Minnesota,2024,Year,6,252032,"Career/Technical Education Teachers, Secondary Sch",115,13.3,25.1,25.9,44.48,15.1,19.04,21.82,29.13,33.3,28.0,18.0,99.0,6.0,1.0,98.0,,25-2032
Minnesota,2024,Year,6,252051,"Special Education Teachers, Preschool",69,6.1,24.99,26.25,44.68,15.6,19.51,22.18,29.28,33.91,9.0,17.0,100.0,52.0,1.0,100.0,,25-2051
Minnesota,2024,Year,6,252052,"Special Education Teachers, Kindergarten and Eleme",269,7.0,25.47,26.27,46.86,13.98,19.19,22.19,29.59,34.39,7.0,30.0,100.0,31.0,0.0,99.0,,25-2052
Minnesota,2024,Year,6,252057,"Special Education Teachers, Middle School",75,3.5,24.86,26.29,47.7,15.68,20.18,22.81,28.77,33.86,8.0,17.0,100.0,31.0,1.0,100.0,,25-2057
Minnesota,2024,Year,6,252058,"Special Education Teachers, Secondary School",262,5.5,24.43,25.49,46.77,14.08,19.03,21.32,28.73,33.15,5.0,29.0,100.0,28.0,0.0,100.0,,25-2058
Minnesota,2024,Year,6,252059,"Special Education Teachers, All Other",12,5.0,25.7,27.31,39.48,18.95,19.39,22.41,29.97,34.33,62.0,18.0,100.0,33.0,8.0,100.0,,25-2059
Minnesota,2024,Year,3,253000,Other Teachers and Instructors,825,3.6,21.06,21.6,44.95,9.0,14.87,16.35,25.11,29.53,70.0,55.0,71.0,21.0,3.0,83.0,,25-3000
Minnesota,2024,Year,6,253011,"Adult Basic Education, Adult Secondary Education,",37,1.6,29.53,29.23,36.64,17.36,21.31,25.59,31.0,32.97,49.0,7.0,99.0,65.0,59.0,97.0,,25-3011
Minnesota,2024,Year,6,253021,Self-Enrichment Teachers,211,2.2,17.44,18.73,38.23,9.0,13.06,14.66,21.79,26.34,76.0,37.0,22.0,27.0,2.0,58.0,,25-3021
Minnesota,2024,Year,6,253031,"Substitute Teachers, Short-Term",446,5.3,22.12,22.08,42.01,12.87,14.74,16.97,25.24,29.09,76.0,74.0,99.0,16.0,0.0,99.0,,25-3031
Minnesota,2024,Year,6,253041,Tutors,65,4.4,20.25,20.67,37.2,12.76,14.89,17.49,22.52,24.96,95.0,47.0,16.0,11.0,3.0,52.0,,25-3041
Minnesota,2024,Year,6,253099,"Teachers and Instructors, All Other",66,4.8,22.95,24.21,42.56,14.12,16.67,19.17,27.67,32.17,40.0,20.0,74.0,32.0,0.0,79.0,,25-3099
Minnesota,2024,Year,3,254000,"Librarians, Curators, and Archivists",59,1.4,24.69,26.27,51.36,16.67,20.89,21.67,27.59,34.58,4.0,6.0,49.0,89.0,7.0,25.0,,25-4000
Minnesota,2024,Year,6,254011,Archivists,3,3.8,22.61,24.89,29.46,20.95,20.95,20.95,29.46,29.46,,1.0,67.0,67.0,0.0,33.0,,25-4011
Minnesota,2024,Year,6,254013,Museum Technicians and Conservators,6,2.5,26.39,29.06,34.49,24.66,24.66,24.66,30.2,32.59,,,,,,,,25-4013
Minnesota,2024,Year,6,254022,Librarians and Media Collections Specialists,31,1.4,26.14,28.35,50.96,20.34,21.17,21.93,28.17,36.52,7.0,3.0,73.0,94.0,10.0,22.0,,25-4022
Minnesota,2024,Year,3,259000,Other Educational Instruction and Library Occupati,1612,3.8,18.62,19.09,51.56,10.96,14.42,16.5,20.92,23.71,49.0,22.0,15.0,23.0,1.0,74.0,,25-9000
Minnesota,2024,Year,6,259031,Instructional Coordinators,71,2.0,24.34,25.72,51.56,13.13,17.42,20.8,29.25,34.47,16.0,18.0,79.0,50.0,14.0,62.0,,25-9031
Minnesota,2024,Year,6,259044,"Teaching Assistants, Postsecondary",13,2.5,17.5,20.39,31.64,15.0,15.15,16.13,22.37,25.45,22.0,6.0,100.0,70.0,8.0,38.0,,25-9044
Minnesota,2024,Year,6,259045,"Teaching Assistants, Except Postsecondary",1519,4.1,18.43,18.75,37.9,10.96,14.34,16.45,20.66,23.05,50.0,23.0,10.0,21.0,0.0,74.0,,25-9045
Minnesota,2024,Year,6,259099,"Educational Instruction and Library Workers, All O",4,0.3,12.5,17.94,25.76,12.5,12.5,12.5,21.0,23.86,,,,,,,,25-9099
Minnesota,2024,Year,2,270000,"Arts, Design, Entertainment, Sports, and Media Occ",1877,5.2,19.23,21.0,96.15,10.85,13.48,15.72,23.9,29.62,55.0,58.0,43.0,56.0,7.0,45.0,,27-0000
Minnesota,2024,Year,3,271000,Art and Design Workers,301,2.5,22.37,24.1,96.15,12.47,16.57,18.69,25.65,33.2,18.0,1.0,28.0,42.0,12.0,11.0,,27-1000
Minnesota,2024,Year,6,271011,Art Directors,26,2.3,37.93,41.45,96.15,21.36,22.39,30.97,40.96,54.08,0.0,0.0,91.0,44.0,18.0,69.0,,27-1011
Minnesota,2024,Year,6,271021,Commercial and Industrial Designers,29,5.2,25.52,27.66,41.89,21.11,23.16,24.76,27.32,32.74,0.0,0.0,70.0,70.0,11.0,21.0,,27-1021
Minnesota,2024,Year,6,271023,Floral Designers,7,1.0,15.86,17.27,21.88,14.06,14.06,14.75,17.66,20.0,74.0,0.0,0.0,42.0,0.0,0.0,,27-1023
Minnesota,2024,Year,6,271024,Graphic Designers,105,1.9,22.43,23.86,42.93,17.27,21.36,22.2,22.67,27.48,0.0,0.0,17.0,18.0,11.0,1.0,,27-1024
Minnesota,2024,Year,6,271025,Interior Designers,101,7.6,19.25,20.18,43.13,13.19,15.14,17.09,20.95,23.83,31.0,2.0,13.0,59.0,12.0,2.0,,27-1025
Minnesota,2024,Year,6,271026,Merchandise Displayers and Window Trimmers,28,1.3,18.13,21.55,39.45,15.05,15.47,16.72,24.64,29.6,40.0,0.0,26.0,40.0,9.0,18.0,,27-1026
Minnesota,2024,Year,6,271027,Set and Exhibit Designers,4,2.6,19.79,22.65,28.13,19.57,19.57,19.59,23.49,26.27,38.0,0.0,,46.0,23.0,23.0,,27-1027
Minnesota,2024,Year,3,272000,"Entertainers and Performers, Sports and Related Wo",1269,17.9,17.46,18.49,90.0,10.85,12.94,14.81,20.95,25.15,89.0,85.0,43.0,57.0,2.0,51.0,,27-2000
Minnesota,2024,Year,6,272011,Actors,8,1.9,14.92,17.53,25.22,10.85,10.85,11.77,19.49,22.96,75.0,30.0,0.0,7.0,5.0,0.0,,27-2011
Minnesota,2024,Year,6,272012,Producers and Directors,38,2.4,20.26,22.87,40.32,13.46,15.11,17.78,25.51,32.27,67.0,37.0,76.0,79.0,35.0,61.0,,27-2012
Minnesota,2024,Year,6,272022,Coaches and Scouts,1146,30.5,17.41,18.39,90.0,10.85,12.94,14.76,20.82,24.8,89.0,88.0,44.0,59.0,1.0,52.0,,27-2022
Minnesota,2024,Year,6,272023,"Umpires, Referees, and Other Sports Officials",58,32.3,15.77,17.16,28.76,11.2,12.28,13.78,18.91,24.76,100.0,82.0,1.0,30.0,0.0,34.0,,27-2023
Minnesota,2024,Year,6,272041,Music Directors and Composers,8,8.9,17.92,19.04,26.42,13.22,13.22,14.87,21.23,23.52,100.0,39.0,49.0,62.0,12.0,50.0,,27-2041
Minnesota,2024,Year,6,272042,Musicians and Singers,12,1.7,18.51,20.74,33.86,13.69,13.75,14.82,23.33,28.54,,,,,,,,27-2042
Minnesota,2024,Year,3,273000,Media and Communication Workers,267,1.9,26.25,28.98,64.27,11.93,19.36,21.61,33.36,45.55,18.0,2.0,60.0,70.0,28.0,54.0,,27-3000
Minnesota,2024,Year,6,273023,"News Analysts, Reporters, and Journalists",10,2.8,26.58,27.81,41.47,15.73,15.73,20.31,29.38,33.2,12.0,0.0,78.0,78.0,10.0,32.0,,27-3023
Minnesota,2024,Year,6,273031,Public Relations Specialists,134,1.9,24.81,29.08,60.35,14.63,20.02,21.44,33.91,45.66,1.0,2.0,45.0,83.0,33.0,50.0,,27-3031
Minnesota,2024,Year,6,273041,Editors,6,0.3,32.11,41.12,62.51,26.71,26.71,28.14,47.92,58.73,0.0,0.0,100.0,100.0,17.0,17.0,,27-3041
Minnesota,2024,Year,6,273042,Technical Writers,26,2.1,35.55,37.29,56.33,19.46,24.29,30.14,42.33,47.84,0.0,0.0,89.0,94.0,76.0,31.0,,27-3042
Minnesota,2024,Year,6,273043,Writers and Authors,5,0.5,26.51,35.77,58.11,23.26,23.26,23.51,40.34,51.15,9.0,1.0,57.0,81.0,19.0,0.0,,27-3043
Minnesota,2024,Year,6,273091,Interpreters and Translators,64,6.0,24.28,25.75,42.59,15.77,19.25,21.64,29.36,31.41,63.0,2.0,59.0,38.0,0.0,78.0,,27-3091
Minnesota,2024,Year,6,273092,Court Reporters and Simultaneous Captioners,13,4.8,28.33,28.76,34.13,28.33,28.33,28.33,28.33,28.33,0.0,0.0,100.0,0.0,0.0,100.0,,27-3092
Minnesota,2024,Year,3,274000,Media and Communication Equipment Workers,41,1.4,22.11,24.08,40.95,13.95,15.55,18.35,27.91,33.68,30.0,15.0,33.0,58.0,15.0,53.0,,27-4000
Minnesota,2024,Year,6,274011,Audio and Video Technicians,11,0.8,21.52,22.66,35.54,14.59,14.77,17.4,25.0,28.39,30.0,12.0,21.0,64.0,9.0,46.0,,27-4011
Minnesota,2024,Year,6,274012,Broadcast Technicians,7,1.7,30.31,32.5,39.03,20.31,20.31,26.08,33.56,36.13,,,,,,,,27-4012
Minnesota,2024,Year,6,274032,Film and Video Editors,9,4.1,25.38,27.08,32.52,23.37,23.37,24.53,27.59,29.82,0.0,0.0,,100.0,0.0,12.0,,27-4032
Minnesota,2024,Year,2,290000,Healthcare Practitioners and Technical Occupations,13700,7.3,35.25,40.07,418.97,11.71,20.94,26.37,48.0,65.44,29.0,1.0,90.0,55.0,14.0,97.0,,29-0000
Minnesota,2024,Year,3,291000,Healthcare Diagnosing or Treating Practitioners,8158,6.3,44.06,50.01,418.97,17.53,31.38,36.4,58.25,74.54,28.0,1.0,100.0,63.0,23.0,99.0,,29-1000
Minnesota,2024,Year,6,291021,"Dentists, General",138,5.5,65.61,68.77,108.05,35.55,45.28,51.07,73.86,101.25,35.0,1.0,100.0,80.0,13.0,99.0,,29-1021
Minnesota,2024,Year,6,291031,Dietitians and Nutritionists,60,4.5,38.36,40.95,85.97,22.15,26.59,29.37,48.82,56.62,72.0,0.0,101.0,40.0,7.0,100.0,,29-1031
Minnesota,2024,Year,6,291041,Optometrists,41,5.8,54.06,53.96,77.31,33.63,37.61,46.51,56.68,60.97,2.0,0.0,100.0,97.0,7.0,100.0,,29-1041
Minnesota,2024,Year,6,291051,Pharmacists,305,5.1,47.34,47.92,97.17,21.8,29.12,35.91,59.5,61.34,9.0,0.0,100.0,67.0,4.0,100.0,,29-1051
Minnesota,2024,Year,6,291071,Physician Assistants,379,10.0,55.99,58.66,108.25,28.02,43.35,50.4,65.41,77.39,16.0,1.0,100.0,82.0,22.0,100.0,,29-1071
Minnesota,2024,Year,6,291081,Podiatrists,3,2.0,63.71,70.59,84.35,56.92,56.92,56.92,84.35,84.35,,,,,,,,29-1081
Minnesota,2024,Year,6,291122,Occupational Therapists,286,8.5,42.23,43.94,83.42,23.18,30.12,34.24,51.55,59.9,34.0,12.0,99.0,46.0,6.0,92.0,,29-1122
Minnesota,2024,Year,6,291123,Physical Therapists,649,12.4,46.32,44.8,89.47,26.49,33.84,38.05,47.66,51.06,29.0,0.0,100.0,19.0,7.0,100.0,,29-1123
Minnesota,2024,Year,6,291124,Radiation Therapists,12,5.4,34.16,37.2,58.53,30.32,30.65,32.98,35.84,42.96,20.0,1.0,75.0,50.0,0.0,100.0,,29-1124
Minnesota,2024,Year,6,291125,Recreational Therapists,17,7.1,25.6,30.38,56.55,18.75,19.14,20.59,35.79,45.72,21.0,0.0,100.0,41.0,0.0,94.0,,29-1125
Minnesota,2024,Year,6,291126,Respiratory Therapists,88,7.4,36.43,38.4,64.77,23.9,30.06,33.98,41.49,48.65,43.0,1.0,100.0,22.0,0.0,95.0,,29-1126
Minnesota,2024,Year,6,291127,Speech-Language Pathologists,275,7.4,34.51,40.29,86.57,22.09,29.46,31.11,47.93,57.89,13.0,5.0,98.0,61.0,1.0,99.0,,29-1127
Minnesota,2024,Year,6,291131,Veterinarians,518,25.1,65.08,68.29,105.96,37.85,46.93,55.01,78.51,91.1,0.0,0.0,100.0,90.0,77.0,100.0,,29-1131
Minnesota,2024,Year,6,291141,Registered Nurses,3295,5.1,38.31,39.34,94.28,18.5,30.12,33.82,43.02,50.01,39.0,1.0,99.0,56.0,2.0,99.0,,29-1141
Minnesota,2024,Year,6,291151,Nurse Anesthetists,78,3.0,62.59,72.12,132.47,29.77,40.27,49.13,93.46,116.16,34.0,1.0,100.0,86.0,22.0,100.0,,29-1151
Minnesota,2024,Year,6,291161,Nurse Midwives,7,2.9,36.28,44.67,66.63,32.38,32.38,32.57,51.97,59.76,13.0,0.0,100.0,54.0,0.0,100.0,,29-1161
Minnesota,2024,Year,6,291171,Nurse Practitioners,172,2.0,57.57,59.5,102.34,25.96,43.62,49.5,66.44,77.12,12.0,0.0,100.0,95.0,24.0,99.0,,29-1171
Minnesota,2024,Year,6,291181,Audiologists,21,6.6,40.04,45.69,77.33,34.21,34.5,35.84,50.28,61.07,0.0,1.0,100.0,95.0,23.0,100.0,,29-1181
Minnesota,2024,Year,6,291211,Anesthesiologists,22,2.2,71.02,73.21,103.45,44.83,51.35,60.08,81.58,90.94,0.0,0.0,100.0,100.0,91.0,100.0,,29-1211
Minnesota,2024,Year,6,291212,Cardiologists,24,5.1,87.13,172.61,368.63,47.43,53.87,64.93,291.05,313.91,0.0,0.0,100.0,100.0,100.0,100.0,,29-1212
Minnesota,2024,Year,6,291213,Dermatologists,29,14.4,66.26,73.95,290.87,36.71,37.3,54.15,77.37,88.49,0.0,0.0,100.0,89.0,89.0,100.0,,29-1213
Minnesota,2024,Year,6,291214,Emergency Medicine Physicians,25,2.4,68.29,94.54,240.12,44.26,50.0,57.69,82.83,223.54,12.0,0.0,100.0,96.0,96.0,100.0,,29-1214
Minnesota,2024,Year,6,291215,Family Medicine Physicians,273,11.9,67.12,69.05,240.12,37.3,48.51,56.85,78.02,89.69,7.0,0.0,100.0,89.0,88.0,100.0,,29-1215
Minnesota,2024,Year,6,291216,General Internal Medicine Physicians,150,8.0,70.1,77.54,160.92,32.39,50.45,58.68,85.45,116.75,19.0,1.0,101.0,95.0,83.0,99.0,,29-1216
Minnesota,2024,Year,6,291217,Neurologists,42,16.3,70.08,74.57,176.25,42.01,50.71,59.17,83.27,97.02,2.0,0.0,100.0,100.0,93.0,100.0,,29-1217
Minnesota,2024,Year,6,291218,Obstetricians and Gynecologists,43,9.4,66.95,72.54,163.46,40.16,48.95,57.09,79.06,91.76,15.0,0.0,100.0,97.0,91.0,100.0,,29-1218
Minnesota,2024,Year,6,291221,"Pediatricians, General",80,9.0,66.85,68.41,109.92,31.73,48.38,57.03,77.59,88.03,5.0,0.0,99.0,91.0,90.0,99.0,,29-1221
Minnesota,2024,Year,6,291222,"Physicians, Pathologists",6,,65.04,68.5,89.82,48.33,48.33,53.26,74.82,83.16,10.0,2.0,100.0,83.0,83.0,100.0,,29-1222
Minnesota,2024,Year,6,291223,Psychiatrists,232,38.0,67.47,70.14,150.96,36.96,59.11,66.62,68.31,72.73,18.0,0.0,100.0,99.0,92.0,100.0,,29-1223
Minnesota,2024,Year,6,291224,Radiologists,41,9.2,67.52,79.96,269.71,37.46,46.95,55.31,84.64,97.08,5.0,1.0,100.0,81.0,76.0,100.0,,29-1224
Minnesota,2024,Year,6,291229,"Physicians, All Other",228,5.2,66.7,71.86,261.18,17.68,47.17,55.93,79.82,95.59,4.0,1.0,100.0,90.0,83.0,98.0,,29-1229
Minnesota,2024,Year,6,291241,"Ophthalmologists, Except Pediatric",15,8.2,60.28,67.56,134.13,42.17,43.89,50.03,72.47,86.87,8.0,1.0,100.0,74.0,60.0,100.0,,29-1241
Minnesota,2024,Year,6,291242,"Orthopedic Surgeons, Except Pediatric",24,7.2,65.77,77.49,309.14,41.64,47.62,56.39,77.44,89.42,4.0,0.0,100.0,95.0,87.0,100.0,,29-1242
Minnesota,2024,Year,6,291249,"Surgeons, All Other",73,7.5,64.7,75.76,418.97,26.67,46.41,54.46,76.4,89.59,4.0,0.0,97.0,90.0,89.0,99.0,,29-1249
Minnesota,2024,Year,6,291292,Dental Hygienists,491,10.5,40.74,40.01,62.47,24.4,26.33,32.59,46.28,50.4,43.0,0.0,100.0,38.0,0.0,100.0,,29-1292
Minnesota,2024,Year,3,292000,Health Technologists and Technicians,5363,9.8,24.7,25.45,79.13,11.73,18.56,20.97,28.96,34.34,31.0,1.0,73.0,44.0,1.0,93.0,,29-2000
Minnesota,2024,Year,6,292010,Clinical Laboratory Technologists and Technicians,401,6.7,24.56,24.97,53.17,14.13,17.92,20.12,28.38,32.43,19.0,2.0,55.0,44.0,5.0,75.0,,29-2010
Minnesota,2024,Year,6,292031,Cardiovascular Technologists and Technicians,84,9.2,29.5,30.56,78.86,15.45,18.76,22.4,37.1,39.66,44.0,1.0,77.0,42.0,2.0,89.0,,29-2031
Minnesota,2024,Year,6,292032,Diagnostic Medical Sonographers,125,8.2,28.96,29.99,48.16,16.11,21.08,24.49,35.29,39.37,42.0,1.0,98.0,28.0,2.0,90.0,,29-2032
Minnesota,2024,Year,6,292033,Nuclear Medicine Technologists,21,11.5,35.92,33.16,44.2,20.51,21.86,27.14,36.85,37.66,33.0,0.0,88.0,52.0,5.0,100.0,,29-2033
Minnesota,2024,Year,6,292034,Radiologic Technologists and Technicians,593,13.9,27.77,28.06,52.24,14.23,20.8,23.69,31.92,35.39,45.0,1.0,95.0,41.0,1.0,95.0,,29-2034
Minnesota,2024,Year,6,292035,Magnetic Resonance Imaging Technologists,101,13.5,28.28,28.76,42.95,16.83,20.93,24.17,33.49,35.81,30.0,3.0,93.0,49.0,0.0,100.0,,29-2035
Minnesota,2024,Year,6,292042,Emergency Medical Technicians,211,7.4,21.96,23.47,51.68,13.15,15.98,18.44,26.85,31.97,34.0,4.0,59.0,20.0,0.0,98.0,,29-2042
Minnesota,2024,Year,6,292043,Paramedics,90,5.2,23.26,24.45,40.46,16.69,18.95,20.06,27.21,31.26,16.0,5.0,97.0,14.0,2.0,100.0,,29-2043
Minnesota,2024,Year,6,292052,Pharmacy Technicians,369,5.2,16.29,18.33,40.84,12.06,13.51,13.81,21.72,24.8,49.0,0.0,12.0,14.0,1.0,76.0,,29-2052
Minnesota,2024,Year,6,292053,Psychiatric Technicians,687,33.0,20.52,20.98,31.09,16.68,19.25,20.24,20.8,20.97,18.0,0.0,32.0,94.0,0.0,99.0,,29-2053
Minnesota,2024,Year,6,292055,Surgical Technologists,324,19.8,27.65,27.46,50.79,14.96,18.81,19.89,34.36,35.0,38.0,1.0,92.0,48.0,0.0,93.0,,29-2055
Minnesota,2024,Year,6,292056,Veterinary Technologists and Technicians,361,8.4,24.35,25.85,42.96,14.45,18.67,20.56,29.5,34.05,0.0,0.0,98.0,85.0,0.0,98.0,,29-2056
Minnesota,2024,Year,6,292057,Ophthalmic Medical Technicians,98,9.9,19.68,22.25,52.35,16.51,18.65,19.36,20.84,29.02,3.0,0.0,21.0,92.0,1.0,92.0,,29-2057
Minnesota,2024,Year,6,292061,Licensed Practical and Licensed Vocational Nurses,1677,13.2,27.14,27.1,48.46,13.39,21.1,24.21,29.11,33.42,34.0,2.0,97.0,22.0,0.0,99.0,,29-2061
Minnesota,2024,Year,6,292072,Medical Records Specialists,63,1.9,22.4,24.42,57.72,15.85,16.25,17.14,27.03,35.15,17.0,4.0,33.0,71.0,6.0,75.0,,29-2072
Minnesota,2024,Year,6,292081,"Opticians, Dispensing",27,1.6,16.16,21.77,35.9,14.0,14.0,14.0,23.05,32.68,4.0,0.0,14.0,54.0,0.0,31.0,,29-2081
Minnesota,2024,Year,6,292092,Hearing Aid Specialists,37,11.9,31.84,30.38,40.98,18.15,18.22,20.31,35.7,38.56,0.0,0.0,66.0,55.0,11.0,72.0,,29-2092
Minnesota,2024,Year,6,292099,"Health Technologists and Technicians, All Other",90,4.6,24.54,25.9,56.14,14.35,17.5,20.63,29.73,33.99,42.0,1.0,49.0,70.0,5.0,66.0,,29-2099
Minnesota,2024,Year,3,299000,Other Healthcare Practitioners and Technical Occup,180,6.3,23.78,25.29,52.55,14.9,21.09,22.24,26.86,29.49,26.0,0.0,95.0,28.0,3.0,96.0,,29-9000
Minnesota,2024,Year,6,299021,Health Information Technologists and Medical Regis,6,0.5,25.16,31.09,49.41,18.17,18.17,20.18,34.34,44.13,0.0,0.0,33.0,100.0,67.0,33.0,,29-9021
Minnesota,2024,Year,6,299091,Athletic Trainers,159,19.0,23.59,24.62,38.84,16.93,21.38,22.28,25.93,27.77,21.0,0.0,101.0,23.0,0.0,98.0,,29-9091
Minnesota,2024,Year,6,299092,Genetic Counselors,3,1.8,36.3,40.38,48.52,32.27,32.27,32.27,48.52,48.52,0.0,0.0,100.0,100.0,67.0,100.0,,29-9092
Minnesota,2024,Year,6,299093,Surgical Assistants,11,6.1,26.59,27.81,37.08,15.98,16.23,19.99,33.94,35.94,36.0,0.0,54.0,55.0,0.0,91.0,,29-9093
Minnesota,2024,Year,2,310000,Healthcare Support Occupations,9949,5.6,18.52,19.21,50.04,10.85,14.26,16.39,21.02,24.5,39.0,1.0,22.0,15.0,0.0,77.0,,31-0000
Minnesota,2024,Year,3,311100,Home Health and Personal Care Aides; and Nursing A,8098,,18.31,18.47,43.09,10.85,14.04,16.19,20.15,23.24,,0.0,12.0,15.0,0.0,74.0,,31-1100
Minnesota,2024,Year,6,311121,Home Health Aides,780,,18.37,18.84,31.44,11.45,14.6,15.49,21.94,23.37,62.0,0.0,4.0,26.0,0.0,30.0,,31-1121
Minnesota,2024,Year,6,311122,Personal Care Aides,3403,,18.17,18.02,34.72,10.85,13.83,16.29,19.35,22.11,38.0,0.0,8.0,12.0,0.0,76.0,,31-1122
Minnesota,2024,Year,6,311131,Nursing Assistants,3896,14.4,18.62,18.79,43.04,11.1,13.99,16.28,20.76,23.48,48.0,0.0,16.0,15.0,0.0,81.0,,31-1131
Minnesota,2024,Year,6,311133,Psychiatric Aides,18,7.4,17.0,19.36,30.86,16.27,16.36,16.58,19.89,23.85,50.0,0.0,12.0,28.0,0.0,77.0,,31-1133
Minnesota,2024,Year,3,312000,Occupational Therapy and Physical Therapist Assist,160,7.7,22.72,23.68,43.27,14.36,16.95,19.97,26.65,30.13,59.0,10.0,94.0,27.0,0.0,98.0,,31-2000
Minnesota,2024,Year,6,312011,Occupational Therapy Assistants,98,14.2,21.7,22.64,39.6,15.17,16.94,18.48,25.39,28.34,71.0,15.0,93.0,36.0,0.0,100.0,,31-2011
Minnesota,2024,Year,6,312021,Physical Therapist Assistants,61,4.7,24.13,25.33,41.61,15.88,20.14,22.03,27.61,30.77,55.0,2.0,97.0,14.0,0.0,95.0,,31-2021
Minnesota,2024,Year,3,319000,Other Healthcare Support Occupations,1691,6.3,20.72,22.34,49.66,11.47,14.81,17.42,25.85,31.11,23.0,5.0,68.0,15.0,0.0,89.0,,31-9000
Minnesota,2024,Year,6,319011,Massage Therapists,72,5.0,20.36,25.62,40.0,12.25,14.29,16.28,30.86,36.34,66.0,0.0,57.0,20.0,0.0,99.0,,31-9011
Minnesota,2024,Year,6,319091,Dental Assistants,471,8.4,25.28,26.64,40.05,13.85,17.53,20.42,29.96,36.71,1.0,14.0,99.0,18.0,0.0,93.0,,31-9091
Minnesota,2024,Year,6,319092,Medical Assistants,628,6.3,20.72,21.66,48.75,11.88,16.55,18.66,23.88,27.92,19.0,2.0,72.0,12.0,0.0,92.0,,31-9092
Minnesota,2024,Year,6,319093,Medical Equipment Preparers,55,4.3,19.23,20.26,34.08,14.26,16.1,16.57,21.97,26.12,30.0,2.0,45.0,32.0,0.0,88.0,,31-9093
Minnesota,2024,Year,6,319094,Medical Transcriptionists,14,3.8,18.22,21.16,41.58,14.59,14.71,15.52,21.51,29.0,15.0,1.0,50.0,72.0,7.0,44.0,,31-9094
Minnesota,2024,Year,6,319096,Veterinary Assistants and Laboratory Animal Careta,204,16.7,19.24,20.39,28.43,14.36,14.61,14.85,23.48,25.17,0.0,0.0,66.0,8.0,0.0,95.0,,31-9096
Minnesota,2024,Year,6,319097,Phlebotomists,53,2.1,18.24,18.6,30.3,13.24,14.9,16.24,19.76,21.66,24.0,0.0,13.0,34.0,2.0,53.0,,31-9097
Minnesota,2024,Year,6,319099,"Healthcare Support Workers, All Other",155,4.1,14.25,16.68,34.13,13.83,13.96,14.07,16.31,24.06,41.0,1.0,13.0,13.0,1.0,91.0,,31-9099
Minnesota,2024,Year,2,330000,Protective Service Occupations,1555,3.3,19.61,21.64,58.87,11.02,14.49,14.99,26.39,31.43,42.0,11.0,29.0,30.0,2.0,64.0,,33-0000
Minnesota,2024,Year,3,331000,Supervisors of Protective Service Workers,60,0.8,22.67,31.3,58.87,15.03,19.64,20.81,38.01,54.23,0.0,27.0,45.0,73.0,18.0,63.0,,33-1000
Minnesota,2024,Year,6,331011,First-Line Supervisors of Correctional Officers,6,0.8,35.11,35.74,41.51,28.8,28.8,31.68,37.24,39.16,,,,,,,,33-1011
Minnesota,2024,Year,6,331012,First-Line Supervisors of Police and Detectives,13,0.3,45.86,51.48,58.75,17.68,19.28,39.41,52.3,56.17,0.0,78.0,85.0,100.0,7.0,85.0,,33-1012
Minnesota,2024,Year,6,331021,First-Line Supervisors of Firefighting and Prevent,4,0.4,29.84,36.11,50.89,25.87,25.87,25.87,37.86,45.68,0.0,0.0,100.0,98.0,80.0,100.0,,33-1021
Minnesota,2024,Year,6,331091,First-Line Supervisors of Security Workers,22,1.8,20.46,22.75,35.97,15.86,18.17,19.89,21.32,27.3,0.0,0.0,13.0,31.0,6.0,18.0,,33-1091
Minnesota,2024,Year,6,331099,First-Line Supervisors of Protective Service Worke,15,6.1,21.19,22.46,32.76,17.18,18.13,20.2,22.9,25.92,0.0,34.0,23.0,91.0,21.0,86.0,,33-1099
Minnesota,2024,Year,3,332000,Firefighting and Prevention Workers,237,4.7,13.9,16.19,52.91,11.96,12.78,13.2,14.6,16.13,84.0,0.0,2.0,4.0,3.0,11.0,,33-2000
Minnesota,2024,Year,6,332011,Firefighters,228,4.7,13.83,15.55,37.91,11.96,12.72,13.14,14.52,14.93,88.0,0.0,0.0,0.0,0.0,9.0,,33-2011
Minnesota,2024,Year,6,332021,Fire Inspectors and Investigators,9,5.4,25.35,33.04,52.91,21.4,21.4,22.85,28.56,42.54,,,,,,,,33-2021
Minnesota,2024,Year,3,333000,Law Enforcement Workers,501,3.5,28.87,28.57,46.36,14.9,21.11,24.11,31.42,37.51,22.0,1.0,75.0,44.0,0.0,89.0,,33-3000
Minnesota,2024,Year,6,333012,Correctional Officers and Jailers,104,3.0,24.21,24.59,36.08,19.3,19.69,21.13,26.36,29.08,17.0,2.0,11.0,84.0,0.0,77.0,,33-3012
Minnesota,2024,Year,6,333021,Detectives and Criminal Investigators,64,3.6,34.48,32.78,38.94,24.08,24.08,24.08,36.71,38.05,0.0,0.0,100.0,100.0,2.0,58.0,,33-3021
Minnesota,2024,Year,6,333051,Police and Sheriff's Patrol Officers,313,3.5,30.21,29.74,46.33,17.21,22.7,27.81,31.43,35.03,30.0,1.0,96.0,22.0,0.0,100.0,,33-3051
Minnesota,2024,Year,3,339000,Other Protective Service Workers,757,3.7,17.62,18.0,46.19,11.02,13.16,15.05,20.04,23.16,56.0,20.0,4.0,25.0,2.0,63.0,,33-9000
Minnesota,2024,Year,6,339021,Private Detectives and Investigators,10,1.0,14.99,19.61,37.71,14.24,14.24,14.39,19.82,27.35,22.0,0.0,31.0,41.0,10.0,31.0,,33-9021
Minnesota,2024,Year,6,339031,Gambling Surveillance Officers and Gambling Invest,12,5.1,18.28,19.36,22.8,15.48,15.67,16.71,20.1,20.96,0.0,0.0,0.0,55.0,0.0,100.0,,33-9031
Minnesota,2024,Year,6,339032,Security Guards,332,2.4,18.92,19.29,46.19,11.46,14.62,16.92,21.0,23.77,36.0,6.0,4.0,37.0,4.0,51.0,,33-9032
Minnesota,2024,Year,6,339091,Crossing Guards and Flaggers,8,2.1,15.78,17.01,21.76,11.97,11.97,13.22,18.26,19.88,100.0,52.0,0.0,0.0,0.0,39.0,,33-9091
Minnesota,2024,Year,6,339092,"Lifeguards, Ski Patrol, and Other Recreational Pro",280,11.6,15.34,16.07,30.05,11.06,11.89,13.69,17.22,20.57,83.0,46.0,9.0,9.0,0.0,93.0,,33-9092
Minnesota,2024,Year,6,339093,Transportation Security Screeners,3,0.4,20.81,22.72,26.55,16.5,16.5,16.5,26.55,26.55,0.0,0.0,33.0,67.0,0.0,67.0,,33-9093
Minnesota,2024,Year,6,339094,School Bus Monitors,64,5.7,17.94,18.9,29.04,12.25,13.8,15.86,21.08,24.12,79.0,2.0,0.0,2.0,0.0,41.0,,33-9094
Minnesota,2024,Year,6,339099,"Protective Service Workers, All Other",48,8.4,18.43,18.35,21.37,13.41,14.52,17.08,19.06,19.46,,,,,,,,33-9099
Minnesota,2024,Year,2,350000,Food Preparation and Serving Related Occupations,18701,7.8,15.53,16.15,47.84,9.0,11.19,13.32,18.08,21.36,41.0,4.0,0.0,24.0,0.0,6.0,,35-0000
Minnesota,2024,Year,3,351000,Supervisors of Food Preparation and Serving Worker,4381,20.6,18.91,19.87,47.84,11.31,14.87,16.86,22.25,25.88,6.0,0.0,2.0,78.0,1.0,19.0,,35-1000
Minnesota,2024,Year,6,351011,Chefs and Head Cooks,125,7.6,20.64,22.34,44.92,13.67,15.75,17.57,24.78,30.53,3.0,8.0,16.0,67.0,14.0,53.0,,35-1011
Minnesota,2024,Year,6,351012,First-Line Supervisors of Food Preparation and Ser,4257,21.6,18.85,19.8,47.16,11.31,14.84,16.84,22.17,25.74,6.0,0.0,1.0,79.0,1.0,18.0,,35-1012
Minnesota,2024,Year,3,352000,Cooks and Food Preparation Workers,4463,6.7,15.16,15.84,38.37,10.0,12.77,13.87,17.44,19.81,41.0,5.0,0.0,5.0,0.0,3.0,,35-2000
Minnesota,2024,Year,6,352011,"Cooks, Fast Food",469,6.3,14.82,15.32,22.86,11.42,12.19,13.47,16.34,18.38,27.0,0.0,0.0,0.0,0.0,0.0,,35-2011
Minnesota,2024,Year,6,352012,"Cooks, Institution and Cafeteria",456,6.0,17.05,17.38,38.1,11.49,13.89,15.6,18.65,20.89,44.0,11.0,0.0,11.0,0.0,14.0,,35-2012
Minnesota,2024,Year,6,352014,"Cooks, Restaurant",1428,5.3,15.19,15.47,28.66,10.0,12.36,13.03,16.98,19.03,44.0,2.0,0.0,7.0,0.0,2.0,,35-2014
Minnesota,2024,Year,6,352015,"Cooks, Short Order",41,3.2,16.67,16.47,22.98,11.46,12.55,14.02,17.9,19.18,45.0,20.0,0.0,30.0,0.0,2.0,,35-2015
Minnesota,2024,Year,6,352021,Food Preparation Workers,2044,8.6,14.98,15.86,34.62,10.98,12.89,13.96,17.51,19.93,43.0,6.0,0.0,3.0,0.0,3.0,,35-2021
Minnesota,2024,Year,3,353000,Food and Beverage Serving Workers,8613,6.7,14.54,14.59,30.9,9.0,10.83,11.89,16.35,18.84,55.0,4.0,0.0,10.0,0.0,2.0,,35-3000
Minnesota,2024,Year,6,353011,Bartenders,603,2.8,14.46,14.85,26.06,10.0,10.91,11.95,16.86,19.61,64.0,6.0,0.0,14.0,0.0,3.0,,35-3011
Minnesota,2024,Year,6,353023,Fast Food and Counter Workers,5089,8.6,14.93,15.06,29.14,9.0,11.57,12.99,16.52,18.8,54.0,2.0,0.0,2.0,0.0,2.0,,35-3023
Minnesota,2024,Year,6,353031,Waiters and Waitresses,2681,7.0,12.44,13.65,27.24,10.0,10.0,10.81,15.94,18.63,62.0,4.0,0.0,25.0,1.0,1.0,,35-3031
Minnesota,2024,Year,6,353041,"Food Servers, Nonrestaurant",240,2.4,14.56,14.66,27.18,10.0,10.89,11.64,16.42,18.51,41.0,17.0,0.0,4.0,0.0,7.0,,35-3041
Minnesota,2024,Year,3,359000,Other Food Preparation and Serving Related Workers,1244,5.4,14.47,14.88,26.78,10.59,11.69,12.98,16.14,18.36,55.0,9.0,0.0,3.0,0.0,3.0,,35-9000
Minnesota,2024,Year,6,359011,Dining Room and Cafeteria Attendants and Bartender,310,4.3,15.11,15.27,25.08,10.85,11.9,13.44,16.36,18.63,63.0,10.0,0.0,3.0,0.0,5.0,,35-9011
Minnesota,2024,Year,6,359021,Dishwashers,323,4.0,14.98,15.28,24.26,10.59,12.1,13.52,16.43,18.62,53.0,8.0,0.0,3.0,0.0,3.0,,35-9021
Minnesota,2024,Year,6,359031,"Hosts and Hostesses, Restaurant, Lounge, and Coffe",559,7.3,13.9,14.49,24.9,10.85,11.5,12.75,15.84,17.92,50.0,1.0,0.0,3.0,0.0,1.0,,35-9031
Minnesota,2024,Year,2,370000,Building and Grounds Cleaning and Maintenance Occu,2688,3.3,16.89,17.99,39.56,10.63,13.92,15.04,20.56,23.31,34.0,30.0,1.0,10.0,2.0,35.0,,37-0000
Minnesota,2024,Year,3,371000,Supervisors of Building and Grounds Cleaning and M,177,3.8,23.49,22.7,36.34,10.63,16.15,19.69,23.94,28.19,6.0,1.0,7.0,71.0,36.0,76.0,,37-1000
Minnesota,2024,Year,6,371011,First-Line Supervisors of Housekeeping and Janitor,68,2.6,19.73,20.92,36.21,10.63,15.47,16.49,24.2,28.55,7.0,0.0,9.0,62.0,6.0,59.0,,37-1011
Minnesota,2024,Year,6,371012,"First-Line Supervisors of Landscaping, Lawn Servic",108,5.6,23.56,23.82,30.81,14.94,19.98,23.09,23.9,26.7,3.0,1.0,6.0,77.0,55.0,87.0,,37-1012
Minnesota,2024,Year,3,372000,Building Cleaning and Pest Control Workers,2052,3.5,16.56,17.54,38.16,10.85,13.89,14.98,19.81,22.29,46.0,23.0,0.0,5.0,0.0,26.0,,37-2000
Minnesota,2024,Year,6,372011,"Janitors and Cleaners, Except Maids and Housekeepi",1244,2.8,16.06,17.2,37.88,10.85,13.7,14.92,18.64,22.34,51.0,13.0,0.0,8.0,0.0,36.0,,37-2011
Minnesota,2024,Year,6,372012,Maids and Housekeeping Cleaners,803,6.0,16.79,18.03,29.06,11.11,14.21,15.52,21.79,22.12,37.0,37.0,0.0,1.0,0.0,12.0,,37-2012
Minnesota,2024,Year,6,372019,"Building Cleaning Workers, All Other",4,,20.17,22.6,28.69,17.31,17.31,17.31,24.24,26.91,100.0,5.0,25.0,50.0,0.0,50.0,,37-2019
Minnesota,2024,Year,3,373000,Grounds Maintenance Workers,459,2.4,17.72,18.19,31.51,11.21,13.48,15.75,19.43,23.6,15.0,76.0,2.0,11.0,0.0,59.0,,37-3000
Minnesota,2024,Year,6,373011,Landscaping and Groundskeeping Workers,397,2.3,17.67,17.84,29.91,11.21,13.24,15.39,19.16,23.3,16.0,78.0,1.0,11.0,0.0,55.0,,37-3011
Minnesota,2024,Year,6,373013,Tree Trimmers and Pruners,20,14.6,22.37,24.97,30.58,18.05,18.2,18.65,26.52,28.96,0.0,0.0,0.0,32.0,0.0,60.0,,37-3013
Minnesota,2024,Year,6,373019,"Grounds Maintenance Workers, All Other",41,51.3,17.27,18.18,22.4,15.84,15.89,15.98,18.26,18.99,,98.0,14.0,0.0,0.0,100.0,,37-3019
Minnesota,2024,Year,2,390000,Personal Care and Service Occupations,3830,6.0,16.48,17.81,41.68,10.0,12.84,14.47,19.83,24.98,42.0,15.0,28.0,27.0,1.0,60.0,,39-0000
Minnesota,2024,Year,3,391000,Supervisors of Personal Care and Service Workers,500,10.7,21.55,22.66,38.21,11.31,15.04,17.48,28.09,28.95,22.0,5.0,61.0,66.0,2.0,84.0,,39-1000
Minnesota,2024,Year,6,391013,First-Line Supervisors of Gambling Services Worker,57,8.3,16.9,17.82,27.28,13.1,14.87,15.38,18.89,20.97,7.0,6.0,3.0,55.0,2.0,53.0,,39-1013
Minnesota,2024,Year,6,391014,First-Line Supervisors of Entertainment and Recrea,52,3.5,17.4,18.53,34.56,12.05,13.61,15.34,20.61,23.43,37.0,36.0,8.0,69.0,4.0,63.0,,39-1014
Minnesota,2024,Year,6,391022,First-Line Supervisors of Personal Service Workers,391,15.8,23.48,23.92,36.84,11.44,15.91,19.68,28.15,28.79,9.0,0.0,76.0,67.0,2.0,91.0,,39-1022
Minnesota,2024,Year,3,392000,Animal Care and Service Workers,267,5.2,15.06,15.78,23.98,10.99,11.94,13.09,17.6,19.67,17.0,0.0,0.0,27.0,1.0,28.0,,39-2000
Minnesota,2024,Year,6,392011,Animal Trainers,68,13.1,14.01,15.12,17.29,12.79,12.85,13.08,15.37,16.19,50.0,0.0,0.0,0.0,0.0,100.0,,39-2011
Minnesota,2024,Year,6,392021,Animal Caretakers,199,4.3,15.29,16.01,23.81,10.99,12.11,13.24,17.88,20.36,4.0,1.0,0.0,35.0,1.0,3.0,,39-2021
Minnesota,2024,Year,3,393000,Entertainment Attendants and Related Workers,654,4.5,15.11,15.47,26.99,10.4,11.92,12.88,17.67,19.02,76.0,51.0,0.0,21.0,0.0,25.0,,39-3000
Minnesota,2024,Year,6,393011,Gambling Dealers,14,1.1,13.78,14.97,23.16,10.59,10.62,10.76,17.45,20.12,74.0,0.0,0.0,37.0,0.0,100.0,,39-3011
Minnesota,2024,Year,6,393019,"Gambling Service Workers, All Other",10,0.4,15.18,15.83,18.88,13.5,13.51,13.7,16.75,17.64,36.0,0.0,0.0,10.0,0.0,71.0,,39-3019
Minnesota,2024,Year,6,393031,"Ushers, Lobby Attendants, and Ticket Takers",115,4.9,12.93,13.89,23.26,11.15,12.34,12.84,14.17,16.66,86.0,26.0,0.0,1.0,0.0,2.0,,39-3031
Minnesota,2024,Year,6,393091,Amusement and Recreation Attendants,505,7.6,16.01,15.84,26.24,10.4,11.89,13.5,18.48,19.0,78.0,59.0,0.0,26.0,0.0,28.0,,39-3091
Minnesota,2024,Year,6,393093,"Locker Room, Coatroom, and Dressing Room Attendant",9,1.3,14.56,15.45,19.07,12.54,12.54,12.88,16.33,17.73,100.0,26.0,0.0,0.0,0.0,0.0,,39-3093
Minnesota,2024,Year,3,395000,Personal Appearance Workers,427,4.4,17.01,17.02,28.01,11.4,12.62,12.99,19.96,21.19,33.0,0.0,90.0,25.0,0.0,96.0,,39-5000
Minnesota,2024,Year,6,395012,"Hairdressers, Hairstylists, and Cosmetologists",364,7.0,17.33,17.46,27.47,11.65,12.54,14.15,20.42,21.25,24.0,0.0,97.0,27.0,0.0,97.0,,39-5012
Minnesota,2024,Year,6,395092,Manicurists and Pedicurists,56,1.6,12.85,14.24,23.39,12.12,12.4,12.6,14.27,17.49,43.0,0.0,62.0,6.0,0.0,94.0,,39-5092
Minnesota,2024,Year,6,395094,Skincare Specialists,7,0.8,15.31,16.64,21.05,13.62,13.62,13.88,17.21,19.07,45.0,0.0,0.0,100.0,0.0,100.0,,39-5094
Minnesota,2024,Year,3,396000,"Baggage Porters, Bellhops, and Concierges",33,7.9,21.87,23.11,38.35,14.82,16.31,18.75,25.82,29.91,26.0,0.0,0.0,82.0,0.0,0.0,,39-6000
Minnesota,2024,Year,6,396011,Baggage Porters and Bellhops,6,4.6,20.57,22.02,28.79,15.92,15.92,17.14,24.22,26.85,0.0,0.0,0.0,50.0,0.0,0.0,,39-6011
Minnesota,2024,Year,6,396012,Concierges,27,9.1,21.92,23.35,38.11,15.52,16.22,18.88,25.78,30.01,41.0,0.0,0.0,89.0,0.0,0.0,,39-6012
Minnesota,2024,Year,3,399000,Other Personal Care and Service Workers,1923,7.0,16.18,17.73,39.58,10.0,13.46,14.91,19.87,25.66,45.0,11.0,20.0,18.0,1.0,64.0,,39-9000
Minnesota,2024,Year,6,399011,Childcare Workers,1031,9.4,15.5,16.29,30.72,10.0,13.67,14.77,17.31,20.09,33.0,7.0,6.0,13.0,1.0,51.0,,39-9011
Minnesota,2024,Year,6,399031,Exercise Trainers and Group Fitness Instructors,330,5.5,17.11,17.45,35.54,11.14,13.1,14.77,19.18,21.79,54.0,3.0,10.0,30.0,0.0,97.0,,39-9031
Minnesota,2024,Year,6,399032,Recreation Workers,291,4.5,16.88,17.61,39.42,10.33,12.62,14.47,19.76,22.7,56.0,48.0,9.0,22.0,1.0,44.0,,39-9032
Minnesota,2024,Year,6,399041,Residential Advisors,226,6.3,24.33,24.97,29.06,16.94,19.6,23.51,25.14,25.78,26.0,0.0,97.0,16.0,1.0,98.0,,39-9041
Minnesota,2024,Year,6,399099,"Personal Care and Service Workers, All Other",46,8.6,15.8,17.1,20.77,14.08,14.5,14.75,17.78,18.57,,0.0,96.0,4.0,0.0,100.0,,39-9099
Minnesota,2024,Year,2,410000,Sales and Related Occupations,14476,5.9,16.86,19.49,120.19,10.0,13.51,14.54,21.59,29.17,36.0,3.0,6.0,33.0,6.0,14.0,,41-0000
Minnesota,2024,Year,3,411000,Supervisors of Sales Workers,2353,10.4,19.41,20.65,63.43,11.61,14.71,16.69,23.66,27.41,13.0,1.0,4.0,52.0,13.0,10.0,,41-1000
Minnesota,2024,Year,6,411011,First-Line Supervisors of Retail Sales Workers,2292,11.3,19.36,20.5,54.88,11.61,14.65,16.61,23.54,27.18,13.0,1.0,4.0,51.0,13.0,10.0,,41-1011
Minnesota,2024,Year,6,411012,First-Line Supervisors of Non-Retail Sales Workers,61,2.6,20.78,26.26,61.43,17.61,17.93,18.35,28.59,41.67,0.0,0.0,23.0,97.0,16.0,19.0,,41-1012
Minnesota,2024,Year,3,412000,Retail Sales Workers,9193,6.7,15.55,16.28,49.4,10.0,12.84,13.99,17.35,20.28,44.0,5.0,1.0,10.0,0.0,7.0,,41-2000
Minnesota,2024,Year,6,412011,Cashiers,3766,6.6,15.07,15.44,33.31,10.0,12.46,13.96,16.55,18.45,44.0,4.0,1.0,2.0,0.0,2.0,,41-2011
Minnesota,2024,Year,6,412012,Gambling Change Persons and Booth Cashiers,12,2.0,16.4,16.88,22.4,12.54,12.69,13.96,18.7,19.82,59.0,8.0,0.0,0.0,0.0,17.0,,41-2012
Minnesota,2024,Year,6,412021,Counter and Rental Clerks,389,9.2,16.72,17.89,33.97,11.5,13.54,14.74,19.49,22.66,20.0,5.0,1.0,25.0,1.0,20.0,,41-2021
Minnesota,2024,Year,6,412022,Parts Salespersons,473,8.2,17.06,17.54,32.42,11.95,12.8,14.39,19.63,22.04,13.0,1.0,1.0,14.0,0.0,46.0,,41-2022
Minnesota,2024,Year,6,412031,Retail Salespersons,4553,6.5,15.59,16.71,49.37,10.95,13.01,13.99,17.72,20.96,48.0,7.0,0.0,16.0,0.0,6.0,,41-2031
Minnesota,2024,Year,3,413000,"Sales Representatives, Services",1052,2.6,28.13,31.44,120.19,11.0,19.37,22.88,36.7,45.2,3.0,0.0,26.0,82.0,20.0,19.0,,41-3000
Minnesota,2024,Year,6,413011,Advertising Sales Agents,34,2.1,27.78,28.71,46.12,17.55,17.68,21.43,32.91,37.18,0.0,0.0,72.0,58.0,9.0,48.0,,41-3011
Minnesota,2024,Year,6,413021,Insurance Sales Agents,278,2.9,38.32,36.74,120.19,16.61,18.71,29.19,39.6,47.16,0.0,0.0,43.0,72.0,40.0,12.0,,41-3021
Minnesota,2024,Year,6,413031,"Securities, Commodities, and Financial Services Sa",82,1.1,39.83,46.74,86.54,17.76,24.72,30.24,53.62,80.89,2.0,0.0,66.0,96.0,45.0,33.0,,41-3031
Minnesota,2024,Year,6,413091,"Sales Representatives of Services, Except Advertis",435,2.1,26.65,28.51,65.36,11.0,19.16,22.4,32.59,39.22,4.0,0.0,19.0,79.0,15.0,29.0,,41-3091
Minnesota,2024,Year,3,414000,"Sales Representatives, Wholesale and Manufacturing",1619,4.5,24.27,26.72,74.57,13.61,19.3,21.82,32.29,34.21,1.0,0.0,17.0,91.0,13.0,54.0,,41-4000
Minnesota,2024,Year,6,414011,"Sales Representatives, Wholesale and Manufacturing",191,4.4,33.07,33.23,67.89,18.04,23.42,29.07,33.83,40.42,2.0,1.0,82.0,96.0,20.0,22.0,,41-4011
Minnesota,2024,Year,6,414012,"Sales Representatives, Wholesale and Manufacturing",1428,4.5,23.54,25.85,74.23,13.63,19.08,21.62,29.55,33.8,0.0,0.0,9.0,90.0,12.0,59.0,,41-4012
Minnesota,2024,Year,3,419000,Other Sales and Related Workers,259,3.1,27.6,28.84,66.61,13.79,16.47,18.25,40.17,41.51,83.0,0.0,65.0,66.0,32.0,51.0,,41-9000
Minnesota,2024,Year,6,419011,Demonstrators and Product Promoters,65,3.9,17.27,17.95,20.88,13.98,15.51,15.99,18.55,19.05,100.0,0.0,0.0,2.0,0.0,47.0,,41-9011
Minnesota,2024,Year,6,419022,Real Estate Sales Agents,27,1.1,18.11,20.91,53.39,17.51,17.61,17.76,18.75,24.5,0.0,0.0,71.0,60.0,6.0,92.0,,41-9022
Minnesota,2024,Year,6,419031,Sales Engineers,84,9.5,40.01,41.08,64.41,24.35,33.63,39.0,41.02,43.55,0.0,0.0,100.0,100.0,93.0,85.0,,41-9031
Minnesota,2024,Year,6,419041,Telemarketers,6,0.6,18.62,20.43,26.75,14.8,14.8,15.61,22.37,24.94,,0.0,0.0,0.0,0.0,41.0,,41-9041
Minnesota,2024,Year,6,419099,"Sales and Related Workers, All Other",73,6.0,24.28,27.89,29.27,17.77,20.66,22.02,26.54,27.89,79.0,0.0,90.0,90.0,0.0,6.0,,41-9099
Minnesota,2024,Year,2,430000,Office and Administrative Support Occupations,5660,1.7,19.68,20.37,62.91,10.85,13.74,16.41,22.71,27.27,25.0,3.0,11.0,54.0,7.0,26.0,,43-0000
Minnesota,2024,Year,3,431000,Supervisors of Office and Administrative Support W,215,0.9,26.31,28.02,62.07,13.26,17.22,22.18,33.46,40.04,3.0,0.0,36.0,79.0,29.0,22.0,,43-1000
Minnesota,2024,Year,6,431011,First-Line Supervisors of Office and Administrativ,215,0.9,26.31,28.02,62.07,13.26,17.22,22.18,33.46,40.04,3.0,0.0,36.0,79.0,29.0,22.0,,43-1011
Minnesota,2024,Year,3,432000,Communications Equipment Operators,28,6.5,18.53,19.4,37.43,13.85,14.48,17.18,19.25,22.82,42.0,0.0,0.0,56.0,0.0,11.0,,43-2000
Minnesota,2024,Year,6,432011,"Switchboard Operators, Including Answering Service",25,7.4,18.52,18.76,28.62,13.85,14.27,16.74,19.2,21.78,48.0,0.0,0.0,59.0,0.0,9.0,,43-2011
Minnesota,2024,Year,3,433000,Financial Clerks,538,1.1,22.41,23.0,53.05,11.69,16.74,19.52,25.0,29.78,10.0,1.0,32.0,81.0,13.0,21.0,,43-3000
Minnesota,2024,Year,6,433011,Bill and Account Collectors,30,0.8,22.0,23.08,38.53,14.24,14.69,16.58,26.7,30.68,2.0,4.0,32.0,93.0,25.0,13.0,,43-3011
Minnesota,2024,Year,6,433021,Billing and Posting Clerks,51,0.7,20.39,22.22,49.82,13.64,15.26,17.58,23.88,28.1,1.0,0.0,19.0,98.0,13.0,17.0,,43-3021
Minnesota,2024,Year,6,433031,"Bookkeeping, Accounting, and Auditing Clerks",318,1.2,23.66,23.73,46.48,12.74,18.09,20.28,25.06,30.14,2.0,1.0,38.0,90.0,14.0,27.0,,43-3031
Minnesota,2024,Year,6,433041,Gambling Cage Workers,13,3.4,11.98,13.94,20.35,11.92,11.92,11.95,14.91,17.13,47.0,0.0,0.0,0.0,0.0,63.0,,43-3041
Minnesota,2024,Year,6,433051,Payroll and Timekeeping Clerks,57,2.1,22.89,25.0,44.94,17.72,18.99,21.7,25.02,32.01,4.0,0.0,58.0,98.0,18.0,5.0,,43-3051
Minnesota,2024,Year,6,433071,Tellers,67,1.1,19.04,20.2,36.75,15.05,16.76,17.67,20.24,22.72,33.0,0.0,7.0,19.0,2.0,3.0,,43-3071
Minnesota,2024,Year,3,434000,Information and Record Clerks,2017,1.9,18.88,19.66,57.82,10.99,13.84,15.86,22.1,26.55,30.0,1.0,8.0,43.0,3.0,19.0,,43-4000
Minnesota,2024,Year,6,434031,"Court, Municipal, and License Clerks",17,0.3,21.47,24.54,42.5,14.41,15.78,19.31,23.94,36.72,18.0,12.0,42.0,88.0,6.0,47.0,,43-4031
Minnesota,2024,Year,6,434051,Customer Service Representatives,985,1.7,21.16,21.59,48.77,11.1,15.37,17.85,23.49,30.34,23.0,0.0,10.0,52.0,3.0,23.0,,43-4051
Minnesota,2024,Year,6,434061,"Eligibility Interviewers, Government Programs",23,0.8,20.24,21.75,28.06,14.94,15.74,17.14,23.77,26.13,0.0,0.0,52.0,100.0,0.0,96.0,,43-4061
Minnesota,2024,Year,6,434071,File Clerks,14,1.9,22.35,22.93,30.56,16.06,16.2,17.31,25.09,27.2,,,,,,,,43-4071
Minnesota,2024,Year,6,434081,"Hotel, Motel, and Resort Desk Clerks",258,5.5,16.32,16.47,24.1,11.29,12.6,14.45,18.31,19.49,48.0,0.0,0.0,28.0,0.0,1.0,,43-4081
Minnesota,2024,Year,6,434111,"Interviewers, Except Eligibility and Loan",82,4.4,19.29,19.32,29.19,15.41,15.52,15.72,20.94,21.59,27.0,0.0,7.0,52.0,0.0,94.0,,43-4111
Minnesota,2024,Year,6,434121,"Library Assistants, Clerical",5,0.2,14.47,15.98,19.78,12.95,12.95,13.3,17.32,19.0,91.0,20.0,0.0,40.0,0.0,0.0,,43-4121
Minnesota,2024,Year,6,434131,Loan Interviewers and Clerks,6,0.2,20.37,23.46,34.66,15.92,15.92,17.17,25.15,29.75,17.0,0.0,,,,16.0,,43-4131
Minnesota,2024,Year,6,434141,New Accounts Clerks,50,3.7,19.19,21.02,39.87,16.12,16.54,17.98,20.55,25.26,1.0,0.0,4.0,97.0,4.0,19.0,,43-4141
Minnesota,2024,Year,6,434151,Order Clerks,9,0.9,19.51,20.86,27.97,16.22,16.22,17.4,22.04,25.04,6.0,11.0,0.0,88.0,11.0,0.0,,43-4151
Minnesota,2024,Year,6,434161,"Human Resources Assistants, Except Payroll and Tim",23,0.7,19.55,21.78,36.66,14.24,14.93,16.91,23.09,29.66,10.0,0.0,17.0,74.0,22.0,29.0,,43-4161
Minnesota,2024,Year,6,434171,Receptionists and Information Clerks,532,4.3,16.36,16.8,29.6,11.24,12.79,14.41,18.68,21.51,50.0,2.0,1.0,15.0,0.0,6.0,,43-4171
Minnesota,2024,Year,6,434199,"Information and Record Clerks, All Other",13,1.2,26.1,32.43,57.21,17.12,18.1,21.7,32.34,45.58,10.0,33.0,93.0,100.0,44.0,25.0,,43-4199
Minnesota,2024,Year,3,435000,"Material Recording, Scheduling, Dispatching, and D",660,1.7,20.49,21.49,47.62,11.73,16.13,18.85,24.0,26.68,10.0,1.0,5.0,37.0,5.0,50.0,,43-5000
Minnesota,2024,Year,6,435011,Cargo and Freight Agents,6,0.3,22.27,25.15,35.31,18.64,18.64,19.53,26.34,31.11,5.0,17.0,34.0,76.0,24.0,50.0,,43-5011
Minnesota,2024,Year,6,435021,Couriers and Messengers,20,3.2,17.33,18.39,21.73,14.84,16.0,16.67,17.99,18.38,48.0,0.0,0.0,85.0,0.0,100.0,,43-5021
Minnesota,2024,Year,6,435031,Public Safety Telecommunicators,20,1.7,22.35,23.09,28.82,16.81,18.36,20.54,24.76,26.23,4.0,0.0,0.0,50.0,0.0,95.0,,43-5031
Minnesota,2024,Year,6,435032,"Dispatchers, Except Police, Fire, and Ambulance",160,5.1,20.28,21.13,30.65,13.52,17.58,19.6,22.82,24.62,7.0,0.0,3.0,34.0,2.0,81.0,,43-5032
Minnesota,2024,Year,6,435052,Postal Service Mail Carriers,92,1.6,19.81,20.3,20.38,19.33,19.36,19.53,20.1,20.27,0.0,0.0,0.0,0.0,0.0,78.0,,43-5052
Minnesota,2024,Year,6,435061,"Production, Planning, and Expediting Clerks",152,2.1,20.53,22.71,47.3,11.93,17.18,19.85,23.59,30.8,6.0,0.0,17.0,34.0,17.0,18.0,,43-5061
Minnesota,2024,Year,6,435071,"Shipping, Receiving, and Inventory Clerks",199,1.4,21.29,21.45,33.75,12.24,14.36,16.89,26.05,26.39,4.0,1.0,3.0,56.0,3.0,25.0,,43-5071
Minnesota,2024,Year,3,436000,Secretaries and Administrative Assistants,1493,2.6,19.53,20.24,51.8,11.33,13.89,17.0,22.11,26.5,36.0,3.0,9.0,63.0,10.0,26.0,,43-6000
Minnesota,2024,Year,6,436011,Executive Secretaries and Executive Administrative,150,1.9,23.29,24.1,47.82,13.9,17.07,19.76,26.41,31.77,1.0,1.0,21.0,95.0,45.0,36.0,,43-6011
Minnesota,2024,Year,6,436012,Legal Secretaries and Administrative Assistants,17,0.7,23.86,26.41,44.19,17.18,17.24,19.21,30.47,36.4,4.0,0.0,56.0,100.0,20.0,47.0,,43-6012
Minnesota,2024,Year,6,436013,Medical Secretaries and Administrative Assistants,858,5.3,19.42,19.77,44.47,11.52,15.79,17.06,21.2,24.8,45.0,1.0,4.0,61.0,2.0,20.0,,43-6013
Minnesota,2024,Year,6,436014,"Secretaries and Administrative Assistants, Except",467,1.5,19.18,19.66,47.23,11.88,13.2,13.51,21.92,26.76,24.0,8.0,11.0,54.0,12.0,34.0,,43-6014
Minnesota,2024,Year,3,439000,Other Office and Administrative Support Workers,708,1.0,16.42,17.32,47.65,10.85,11.79,13.72,19.77,22.73,30.0,10.0,9.0,55.0,3.0,26.0,,43-9000
Minnesota,2024,Year,6,439021,Data Entry Keyers,8,0.6,18.29,20.55,30.34,17.49,17.49,17.8,18.95,23.2,0.0,0.0,17.0,16.0,7.0,,,43-9021
Minnesota,2024,Year,6,439041,Insurance Claims and Policy Processing Clerks,8,0.2,19.27,22.26,36.89,13.1,13.1,13.16,25.59,30.27,0.0,0.0,37.0,100.0,12.0,12.0,,43-9041
Minnesota,2024,Year,6,439051,"Mail Clerks and Mail Machine Operators, Except Pos",13,0.9,14.57,16.72,24.46,14.45,14.46,14.5,17.43,20.51,0.0,0.0,0.0,13.0,1.0,0.0,,43-9051
Minnesota,2024,Year,6,439061,"Office Clerks, General",631,1.1,16.22,17.01,40.96,10.85,11.74,13.15,19.52,22.38,25.0,8.0,7.0,57.0,2.0,28.0,,43-9061
Minnesota,2024,Year,6,439071,"Office Machine Operators, Except Computer",5,0.5,19.05,20.69,27.55,15.27,15.27,15.93,21.94,25.04,,0.0,20.0,40.0,0.0,60.0,,43-9071
Minnesota,2024,Year,6,439199,"Office and Administrative Support Workers, All Oth",42,0.7,16.31,19.56,37.61,13.09,14.26,14.64,22.32,28.3,64.0,42.0,16.0,39.0,21.0,20.0,,43-9199
Minnesota,2024,Year,2,450000,"Farming, Fishing, and Forestry Occupations",487,14.8,20.96,22.06,42.16,12.2,15.72,18.16,25.21,29.42,38.0,66.0,2.0,58.0,47.0,65.0,,45-0000
Minnesota,2024,Year,3,451000,"Supervisors of Farming, Fishing, and Forestry Work",27,9.7,19.42,20.78,33.35,14.16,15.41,16.74,22.2,25.92,16.0,0.0,11.0,93.0,7.0,24.0,,45-1000
Minnesota,2024,Year,6,451011,"First-Line Supervisors of Farming, Fishing, and Fo",27,9.7,19.42,20.78,33.35,14.16,15.41,16.74,22.2,25.92,16.0,0.0,11.0,93.0,7.0,24.0,,45-1011
Minnesota,2024,Year,3,452000,Agricultural Workers,234,9.0,19.13,19.55,37.59,12.45,14.54,16.73,21.55,24.18,38.0,40.0,2.0,13.0,1.0,37.0,,45-2000
Minnesota,2024,Year,6,452091,Agricultural Equipment Operators,33,4.3,17.54,18.5,25.99,14.46,14.81,16.41,18.68,20.7,0.0,1.0,1.0,12.0,0.0,98.0,,45-2091
Minnesota,2024,Year,6,452092,"Farmworkers and Laborers, Crop, Nursery, and Green",82,7.9,19.08,20.04,34.19,14.88,15.58,17.09,21.22,23.6,52.0,54.0,1.0,17.0,1.0,44.0,,45-2092
Minnesota,2024,Year,6,452093,"Farmworkers, Farm, Ranch, and Aquacultural Animals",82,16.3,19.33,19.75,34.12,12.99,14.78,16.94,21.44,24.11,0.0,23.0,4.0,10.0,1.0,14.0,,45-2093
Minnesota,2024,Year,2,470000,Construction and Extraction Occupations,2179,1.9,24.47,25.68,85.31,13.95,18.01,20.12,28.67,34.64,2.0,18.0,15.0,51.0,17.0,65.0,,47-0000
Minnesota,2024,Year,3,471000,Supervisors of Construction and Extraction Workers,290,2.4,28.84,32.54,85.1,16.85,24.49,28.44,31.97,42.51,0.0,4.0,16.0,97.0,77.0,81.0,,47-1000
Minnesota,2024,Year,6,471011,First-Line Supervisors of Construction Trades and,290,2.4,28.84,32.54,85.1,16.85,24.49,28.44,31.97,42.51,0.0,4.0,16.0,97.0,77.0,81.0,,47-1011
Minnesota,2024,Year,3,472000,Construction Trades Workers,1560,1.7,22.32,24.63,63.1,14.26,17.96,19.78,27.07,33.77,1.0,22.0,7.0,39.0,8.0,62.0,,47-2000
Minnesota,2024,Year,6,472031,Carpenters,361,2.4,20.78,22.38,49.73,16.71,19.25,19.55,21.59,23.49,1.0,2.0,1.0,15.0,1.0,5.0,,47-2031
Minnesota,2024,Year,6,472051,Cement Masons and Concrete Finishers,39,0.9,23.86,24.99,36.87,17.6,18.46,20.69,26.99,30.49,0.0,26.0,0.0,52.0,0.0,32.0,,47-2051
Minnesota,2024,Year,6,472061,Construction Laborers,400,1.5,23.94,24.11,40.44,14.61,17.91,19.57,26.09,30.23,4.0,42.0,2.0,13.0,0.0,80.0,,47-2061
Minnesota,2024,Year,6,472071,"Paving, Surfacing, and Tamping Equipment Operators",102,9.0,25.22,27.6,37.59,20.49,21.26,21.85,29.79,32.07,,,,,,,,47-2071
Minnesota,2024,Year,6,472073,Operating Engineers and Other Construction Equipme,219,2.6,24.2,25.78,56.55,16.67,18.43,20.89,28.49,33.36,1.0,72.0,7.0,73.0,5.0,99.0,,47-2073
Minnesota,2024,Year,6,472111,Electricians,81,0.6,33.3,34.73,59.21,20.07,23.8,28.1,37.53,48.8,0.0,1.0,33.0,87.0,66.0,97.0,,47-2111
Minnesota,2024,Year,6,472141,"Painters, Construction and Maintenance",66,1.9,18.91,21.79,29.59,17.52,17.68,18.12,23.52,25.47,8.0,0.0,0.0,78.0,0.0,7.0,,47-2141
Minnesota,2024,Year,6,472152,"Plumbers, Pipefitters, and Steamfitters",119,1.4,17.93,21.86,59.18,17.81,17.85,17.88,17.99,33.73,0.0,0.0,2.0,17.0,15.0,98.0,,47-2152
Minnesota,2024,Year,6,472211,Sheet Metal Workers,89,4.0,23.11,24.98,40.4,16.92,17.55,19.36,28.76,32.29,0.0,0.0,24.0,54.0,3.0,50.0,,47-2211
Minnesota,2024,Year,3,473000,"Helpers, Construction Trades",217,167.2,21.82,23.86,26.47,17.57,17.97,19.23,24.13,25.54,0.0,5.0,57.0,57.0,0.0,43.0,,47-3000
Minnesota,2024,Year,3,474000,Other Construction and Related Workers,91,1.3,24.59,26.73,46.33,16.0,17.27,22.85,30.51,36.26,12.0,15.0,42.0,89.0,27.0,98.0,,47-4000
Minnesota,2024,Year,6,474011,Construction and Building Inspectors,31,2.4,31.68,32.82,43.18,19.77,25.83,28.71,36.08,40.06,0.0,0.0,47.0,97.0,64.0,97.0,,47-4011
Minnesota,2024,Year,6,474051,Highway Maintenance Workers,59,1.5,23.21,23.33,34.67,16.0,16.87,22.84,24.86,26.2,15.0,22.0,39.0,84.0,6.0,98.0,,47-4051
Minnesota,2024,Year,3,475000,Extraction Workers,20,0.8,21.82,22.9,31.92,17.13,18.13,19.12,24.49,26.73,0.0,0.0,41.0,78.0,0.0,95.0,,47-5000
Minnesota,2024,Year,6,475023,"Earth Drillers, Except Oil and Gas",10,3.7,21.26,23.73,31.8,19.28,19.32,20.55,23.79,28.32,0.0,0.0,80.0,86.0,0.0,100.0,,47-5023
Minnesota,2024,Year,6,475044,"Loading and Moving Machine Operators, Underground",8,,20.58,22.02,25.46,19.95,19.95,20.16,22.01,23.81,,,,,,,,47-5044
Minnesota,2024,Year,2,490000,"Installation, Maintenance, and Repair Occupations",5138,4.9,23.1,24.48,65.78,11.08,16.1,19.37,28.16,34.32,6.0,3.0,43.0,57.0,9.0,63.0,,49-0000
Minnesota,2024,Year,3,491000,"Supervisors of Installation, Maintenance, and Repa",126,1.4,27.5,27.47,58.73,13.94,13.96,17.15,34.48,40.0,3.0,23.0,19.0,92.0,43.0,60.0,,49-1000
Minnesota,2024,Year,6,491011,"First-Line Supervisors of Mechanics, Installers, a",126,1.4,27.5,27.47,58.73,13.94,13.96,17.15,34.48,40.0,3.0,23.0,19.0,92.0,43.0,60.0,,49-1011
Minnesota,2024,Year,3,492000,"Electrical and Electronic Equipment Mechanics, Ins",110,1.7,20.8,23.16,43.83,14.76,16.47,17.55,26.23,32.46,2.0,0.0,14.0,40.0,7.0,39.0,,49-2000
Minnesota,2024,Year,6,492022,Telecommunications Equipment Installers and Repair,22,1.0,22.43,24.2,35.29,19.76,19.82,20.07,24.79,26.33,0.0,0.0,5.0,48.0,5.0,58.0,,49-2022
Minnesota,2024,Year,6,492091,Avionics Technicians,6,15.0,24.96,27.11,38.04,19.66,19.66,21.0,28.83,33.47,0.0,0.0,5.0,61.0,3.0,41.0,,49-2091
Minnesota,2024,Year,6,492094,"Electrical and Electronics Repairers, Commercial a",11,0.9,25.61,28.23,41.75,20.04,20.13,21.98,30.45,36.19,6.0,0.0,56.0,56.0,0.0,81.0,,49-2094
Minnesota,2024,Year,6,492097,Audiovisual Equipment Installers and Repairers,14,15.9,15.88,23.04,39.37,15.0,15.0,15.0,24.74,28.96,,0.0,7.0,77.0,41.0,14.0,,49-2097
Minnesota,2024,Year,6,492098,Security and Fire Alarm Systems Installers,20,2.9,24.3,26.15,36.34,18.86,19.34,21.18,28.59,30.94,1.0,0.0,30.0,45.0,0.0,75.0,,49-2098
Minnesota,2024,Year,3,493000,"Vehicle and Mobile Equipment Mechanics, Installers",2680,7.7,23.89,24.81,62.17,11.17,15.22,19.08,28.29,34.11,8.0,1.0,61.0,51.0,5.0,73.0,,49-3000
Minnesota,2024,Year,6,493011,Aircraft Mechanics and Service Technicians,178,8.0,23.66,28.05,56.78,16.3,22.41,23.28,32.35,39.19,3.0,0.0,92.0,95.0,7.0,99.0,,49-3011
Minnesota,2024,Year,6,493021,Automotive Body and Related Repairers,248,7.8,33.68,28.05,35.4,16.41,17.73,18.61,34.16,34.44,25.0,0.0,92.0,63.0,2.0,15.0,,49-3021
Minnesota,2024,Year,6,493023,Automotive Service Technicians and Mechanics,882,6.5,24.62,24.86,62.0,11.41,13.53,16.3,27.83,28.99,12.0,0.0,56.0,23.0,2.0,91.0,,49-3023
Minnesota,2024,Year,6,493031,Bus and Truck Mechanics and Diesel Engine Speciali,694,10.2,25.39,25.36,46.12,11.48,18.11,20.07,29.93,31.12,0.0,0.0,53.0,60.0,9.0,80.0,,49-3031
Minnesota,2024,Year,6,493041,Farm Equipment Mechanics and Service Technicians,208,14.4,23.45,23.9,37.43,15.03,17.42,19.33,26.46,30.41,0.0,0.0,62.0,69.0,15.0,81.0,,49-3041
Minnesota,2024,Year,6,493042,"Mobile Heavy Equipment Mechanics, Except Engines",116,3.9,24.82,26.37,43.64,16.84,19.8,23.13,28.42,32.72,0.0,0.0,59.0,71.0,14.0,53.0,,49-3042
Minnesota,2024,Year,6,493053,Outdoor Power Equipment and Other Small Engine Mec,63,8.3,19.33,20.26,27.01,14.85,14.89,16.98,21.36,22.79,6.0,26.0,26.0,64.0,1.0,65.0,,49-3053
Minnesota,2024,Year,6,493092,Recreational Vehicle Service Technicians,169,64.9,19.59,19.96,29.36,14.21,16.47,18.48,20.28,22.29,,,,,,,,49-3092
Minnesota,2024,Year,6,493093,Tire Repairers and Changers,88,6.1,17.09,17.73,21.36,14.76,14.76,14.76,18.51,19.84,13.0,0.0,2.0,0.0,0.0,11.0,,49-3093
Minnesota,2024,Year,3,499000,"Other Installation, Maintenance, and Repair Occupa",2222,4.0,22.45,23.97,58.68,11.4,16.81,19.84,26.98,33.92,5.0,5.0,24.0,64.0,12.0,53.0,,49-9000
Minnesota,2024,Year,6,499012,"Control and Valve Installers and Repairers, Except",6,0.4,26.55,27.75,34.92,20.69,20.69,22.3,30.22,32.87,,,,,,,,49-9012
Minnesota,2024,Year,6,499021,"Heating, Air Conditioning, and Refrigeration Mecha",293,5.6,24.22,27.92,43.03,15.26,20.12,20.21,36.86,37.59,0.0,1.0,49.0,66.0,17.0,77.0,,49-9021
Minnesota,2024,Year,6,499041,Industrial Machinery Mechanics,233,3.5,26.89,27.3,49.85,14.74,20.62,23.26,30.96,33.42,0.0,0.0,54.0,89.0,13.0,36.0,,49-9041
Minnesota,2024,Year,6,499043,"Maintenance Workers, Machinery",166,19.8,23.32,24.24,45.25,15.7,17.06,19.94,26.75,30.92,2.0,0.0,21.0,75.0,30.0,63.0,,49-9043
Minnesota,2024,Year,6,499044,Millwrights,6,1.4,23.16,27.62,42.53,20.25,20.25,20.27,28.66,36.61,0.0,0.0,16.0,31.0,31.0,31.0,,49-9044
Minnesota,2024,Year,6,499051,Electrical Power-Line Installers and Repairers,18,1.1,25.66,29.48,49.48,21.62,21.62,22.6,30.06,42.38,0.0,14.0,20.0,67.0,29.0,100.0,,49-9051
Minnesota,2024,Year,6,499052,Telecommunications Line Installers and Repairers,90,9.6,24.44,25.92,39.5,17.34,18.96,20.43,28.83,32.45,0.0,0.0,29.0,94.0,8.0,45.0,,49-9052
Minnesota,2024,Year,6,499062,Medical Equipment Repairers,53,2.7,23.14,26.09,49.03,18.7,19.42,19.84,29.96,33.38,0.0,1.0,34.0,92.0,17.0,76.0,,49-9062
Minnesota,2024,Year,6,499071,"Maintenance and Repair Workers, General",1162,3.9,20.57,22.0,54.67,11.47,15.94,18.17,24.18,29.0,11.0,9.0,13.0,61.0,9.0,50.0,,49-9071
Minnesota,2024,Year,6,499081,Wind Turbine Service Technicians,6,1.0,23.07,25.94,34.02,20.63,20.63,20.63,26.13,30.13,0.0,0.0,46.0,100.0,18.0,100.0,,49-9081
Minnesota,2024,Year,6,499091,"Coin, Vending, and Amusement Machine Servicers and",4,0.9,19.65,21.47,27.25,16.28,16.28,16.28,22.68,25.42,0.0,0.0,25.0,50.0,0.0,100.0,,49-9091
Minnesota,2024,Year,6,499098,"Helpers--Installation, Maintenance, and Repair Wor",59,4.5,21.44,21.91,27.25,14.25,17.22,18.4,22.95,23.79,0.0,8.0,0.0,8.0,1.0,61.0,,49-9098
Minnesota,2024,Year,6,499099,"Installation, Maintenance, and Repair Workers, All",106,4.1,22.53,23.64,28.89,18.47,21.21,21.94,23.12,23.81,15.0,0.0,0.0,1.0,0.0,10.0,,49-9099
Minnesota,2024,Year,2,510000,Production Occupations,4411,2.1,21.76,23.27,67.04,10.0,14.98,17.9,27.23,33.54,7.0,4.0,11.0,47.0,16.0,21.0,,51-0000
Minnesota,2024,Year,3,511000,Supervisors of Production Workers,520,3.9,33.21,33.93,66.21,14.72,22.01,27.29,40.21,44.94,0.0,0.0,24.0,93.0,63.0,24.0,,51-1000
Minnesota,2024,Year,6,511011,First-Line Supervisors of Production and Operating,520,3.9,33.21,33.93,66.21,14.72,22.01,27.29,40.21,44.94,0.0,0.0,24.0,93.0,63.0,24.0,,51-1011
Minnesota,2024,Year,3,512000,Assemblers and Fabricators,412,0.7,17.98,18.81,36.98,11.45,14.34,14.98,21.17,25.06,1.0,2.0,8.0,28.0,2.0,33.0,,51-2000
Minnesota,2024,Year,6,512011,"Aircraft Structure, Surfaces, Rigging, and Systems",10,,18.35,20.23,25.75,15.79,15.84,17.2,21.5,23.4,29.0,0.0,0.0,10.0,0.0,0.0,,51-2011
Minnesota,2024,Year,6,512028,"Electrical, electronic, and electromechanical asse",111,1.6,18.93,20.41,34.6,12.29,14.37,17.29,22.94,28.0,0.0,2.0,7.0,45.0,4.0,14.0,,51-2028
Minnesota,2024,Year,6,512031,Engine and Other Machine Assemblers,33,32.9,21.6,21.74,29.62,12.85,15.15,18.19,24.65,26.08,1.0,0.0,53.0,59.0,3.0,56.0,,51-2031
Minnesota,2024,Year,6,512041,Structural Metal Fabricators and Fitters,11,1.0,18.94,19.99,25.79,14.05,14.17,16.41,21.79,23.45,4.0,0.0,35.0,35.0,0.0,19.0,,51-2041
Minnesota,2024,Year,6,512090,Miscellaneous Assemblers and Fabricators,245,0.5,15.67,17.57,34.29,11.8,14.17,14.97,19.47,22.63,0.0,2.0,2.0,18.0,2.0,41.0,,51-2090
Minnesota,2024,Year,3,513000,Food Processing Workers,632,3.1,18.25,19.14,32.97,12.03,14.58,16.44,20.43,25.16,30.0,6.0,0.0,13.0,0.0,16.0,,51-3000
Minnesota,2024,Year,6,513011,Bakers,199,6.8,16.62,17.38,26.59,12.31,13.41,14.68,19.16,21.74,42.0,16.0,0.0,4.0,0.0,16.0,,51-3011
Minnesota,2024,Year,6,513021,Butchers and Meat Cutters,52,2.4,17.8,18.39,22.74,13.57,14.61,16.95,19.41,20.65,17.0,0.0,0.0,12.0,0.0,18.0,,51-3021
Minnesota,2024,Year,6,513022,"Meat, Poultry, and Fish Cutters and Trimmers",121,3.6,18.36,18.12,26.25,14.61,14.7,14.86,18.98,21.73,32.0,0.0,0.0,0.0,0.0,2.0,,51-3022
Minnesota,2024,Year,6,513091,"Food and Tobacco Roasting, Baking, and Drying Mach",60,6.7,20.55,21.59,28.93,16.69,17.2,18.48,23.14,25.45,0.0,6.0,0.0,40.0,0.0,14.0,,51-3091
Minnesota,2024,Year,6,513092,Food Batchmakers,92,1.6,17.65,19.86,29.55,15.33,16.31,16.84,20.29,25.18,35.0,0.0,0.0,1.0,0.0,9.0,,51-3092
Minnesota,2024,Year,6,513093,Food Cooking Machine Operators and Tenders,17,4.4,20.36,21.07,27.97,16.73,17.4,17.99,22.46,24.39,0.0,0.0,0.0,0.0,0.0,12.0,,51-3093
Minnesota,2024,Year,6,513099,"Food Processing Workers, All Other",47,2.6,23.91,25.81,28.54,18.62,20.99,22.79,25.02,26.21,38.0,0.0,0.0,86.0,0.0,86.0,,51-3099
Minnesota,2024,Year,3,514000,Metal Workers and Plastic Workers,1140,2.8,24.48,25.45,50.97,12.81,18.07,20.95,28.75,33.92,3.0,0.0,19.0,69.0,19.0,20.0,,51-4000
Minnesota,2024,Year,6,514021,"Extruding and Drawing Machine Setters, Operators,",111,13.5,21.52,22.55,36.37,15.67,17.76,19.33,24.32,27.44,0.0,0.0,0.0,36.0,2.0,47.0,,51-4021
Minnesota,2024,Year,6,514031,"Cutting, Punching, and Press Machine Setters, Oper",131,2.4,23.36,23.87,37.61,14.29,17.48,19.84,26.55,30.42,0.0,4.0,3.0,47.0,21.0,3.0,,51-4031
Minnesota,2024,Year,6,514033,"Grinding, Lapping, Polishing, and Buffing Machine",35,2.4,21.33,22.63,32.15,16.4,16.67,18.49,24.92,27.89,0.0,0.0,0.0,19.0,0.0,0.0,,51-4033
Minnesota,2024,Year,6,514041,Machinists,378,2.5,25.52,26.53,48.15,13.92,19.41,21.94,30.11,34.85,7.0,0.0,22.0,91.0,19.0,12.0,,51-4041
Minnesota,2024,Year,6,514072,"Molding, Coremaking, and Casting Machine Setters,",32,1.1,23.02,24.51,38.89,17.47,18.23,20.13,27.04,29.69,0.0,0.0,10.0,62.0,3.0,6.0,,51-4072
Minnesota,2024,Year,6,514111,Tool and Die Makers,86,8.1,28.52,28.45,42.71,16.93,19.16,22.78,31.71,33.42,0.0,0.0,54.0,99.0,53.0,3.0,,51-4111
Minnesota,2024,Year,6,514121,"Welders, Cutters, Solderers, and Brazers",200,2.1,25.37,26.75,44.55,14.92,17.96,21.65,31.3,35.11,1.0,0.0,41.0,75.0,35.0,62.0,,51-4121
Minnesota,2024,Year,6,514122,"Welding, Soldering, and Brazing Machine Setters, O",14,3.8,21.58,22.46,30.04,16.28,16.58,18.87,23.67,25.93,0.0,0.0,0.0,15.0,0.0,7.0,,51-4122
Minnesota,2024,Year,6,515100,Printing Workers,177,,24.25,23.12,33.0,15.0,17.0,18.0,25.0,33.0,,,,,,,,51-5100
Minnesota,2024,Year,6,515111,Prepress Technicians and Workers,13,1.0,22.23,22.8,27.8,16.82,17.1,18.9,23.85,25.0,0.0,0.0,0.0,77.0,8.0,0.0,,51-5111
Minnesota,2024,Year,6,515112,Printing Press Operators,130,2.7,22.92,23.26,35.51,13.81,16.65,18.63,25.89,30.36,1.0,0.0,10.0,49.0,4.0,0.0,,51-5112
Minnesota,2024,Year,6,515113,Print Binding and Finishing Workers,34,1.8,20.1,20.3,30.82,14.05,16.01,17.32,21.35,24.41,0.0,0.0,0.0,12.0,0.0,0.0,,51-5113
Minnesota,2024,Year,3,516000,"Textile, Apparel, and Furnishings Workers",274,3.4,14.94,14.9,29.21,10.0,10.0,10.0,16.94,20.23,41.0,9.0,0.0,1.0,0.0,2.0,,51-6000
Minnesota,2024,Year,6,516011,Laundry and Dry-Cleaning Workers,163,4.7,10.34,13.31,25.36,10.0,10.0,10.0,15.67,18.49,49.0,15.0,0.0,0.0,0.0,2.0,,51-6011
Minnesota,2024,Year,6,516099,"Textile, Apparel, and Furnishings Workers, All Oth",45,113.6,14.63,15.21,17.78,14.21,14.27,14.4,14.85,15.33,,,,,,,,51-6099
Minnesota,2024,Year,3,517000,Woodworkers,223,4.7,21.56,23.19,41.83,13.78,14.52,16.81,28.36,29.39,3.0,2.0,0.0,48.0,42.0,46.0,,51-7000
Minnesota,2024,Year,6,517011,Cabinetmakers and Bench Carpenters,17,0.6,19.51,20.49,26.99,16.05,16.2,16.88,21.83,23.65,0.0,0.0,0.0,6.0,0.0,6.0,,51-7011
Minnesota,2024,Year,6,517021,Furniture Finishers,84,25.6,15.32,16.49,20.63,14.22,14.36,14.47,17.45,18.01,,,,,,,,51-7021
Minnesota,2024,Year,6,517041,"Sawing Machine Setters, Operators, and Tenders, Wo",106,12.4,27.46,29.26,41.83,16.43,25.37,26.16,28.77,29.55,0.0,1.0,0.0,95.0,89.0,95.0,,51-7041
Minnesota,2024,Year,6,517042,"Woodworking Machine Setters, Operators, and Tender",16,2.2,19.6,21.24,24.64,18.23,18.23,18.23,21.72,23.47,0.0,19.0,0.0,0.0,0.0,0.0,,51-7042
Minnesota,2024,Year,3,518000,Plant and System Operators,160,2.9,26.95,28.95,53.04,17.53,19.19,23.2,33.54,39.15,4.0,3.0,24.0,64.0,7.0,68.0,,51-8000
Minnesota,2024,Year,6,518021,Stationary Engineers and Boiler Operators,75,4.9,26.69,30.95,52.0,20.58,25.22,25.79,35.58,39.06,2.0,4.0,24.0,79.0,8.0,97.0,,51-8021
Minnesota,2024,Year,6,518031,Water and Wastewater Treatment Plant and System Op,49,2.4,26.4,28.13,45.44,17.76,18.98,20.25,32.25,39.02,7.0,2.0,40.0,53.0,12.0,37.0,,51-8031
Minnesota,2024,Year,6,518091,Chemical Plant and System Operators,23,20.9,26.43,28.08,40.57,18.96,18.96,18.97,32.14,35.92,0.0,0.0,0.0,69.0,0.0,67.0,,51-8091
Minnesota,2024,Year,3,519000,Other Production Occupations,872,1.8,20.8,20.91,42.53,11.62,14.47,17.64,23.61,26.37,8.0,10.0,5.0,35.0,4.0,14.0,,51-9000
Minnesota,2024,Year,6,519021,"Crushing, Grinding, and Polishing Machine Setters,",16,2.8,22.25,23.65,29.62,18.05,18.63,19.65,24.13,27.08,4.0,0.0,39.0,74.0,23.0,40.0,,51-9021
Minnesota,2024,Year,6,519023,"Mixing and Blending Machine Setters, Operators, an",107,7.2,23.12,22.75,30.47,14.72,18.19,21.41,23.78,24.71,0.0,0.0,0.0,27.0,1.0,7.0,,51-9023
Minnesota,2024,Year,6,519061,"Inspectors, Testers, Sorters, Samplers, and Weighe",187,1.8,21.01,21.94,40.49,13.31,16.11,18.36,24.18,28.58,2.0,0.0,7.0,54.0,8.0,22.0,,51-9061
Minnesota,2024,Year,6,519082,Medical Appliance Technicians,14,70.0,21.92,22.65,32.75,14.39,15.14,18.18,25.5,28.37,0.0,0.0,7.0,90.0,1.0,14.0,,51-9082
Minnesota,2024,Year,6,519111,Packaging and Filling Machine Operators and Tender,77,1.0,21.41,21.17,31.05,13.48,15.46,17.93,23.68,25.54,20.0,0.0,0.0,33.0,0.0,23.0,,51-9111
Minnesota,2024,Year,6,519123,"Painting, Coating, and Decorating Workers",4,3.1,20.29,22.11,27.95,17.46,17.46,17.46,22.73,25.86,19.0,1.0,0.0,15.0,4.0,25.0,,51-9123
Minnesota,2024,Year,6,519124,"Coating, Painting, and Spraying Machine Setters, O",59,1.6,19.98,20.57,30.15,13.12,16.15,18.56,22.15,24.37,0.0,0.0,0.0,32.0,0.0,27.0,,51-9124
Minnesota,2024,Year,6,519151,Photographic Process Workers and Processing Machin,3,,18.96,20.67,24.1,17.28,17.28,17.28,24.1,24.1,0.0,0.0,0.0,33.0,0.0,0.0,,51-9151
Minnesota,2024,Year,6,519161,Computer Numerically Controlled Tool Operators,122,3.0,20.11,21.19,37.42,13.55,15.78,17.78,23.41,27.28,0.0,0.0,10.0,43.0,2.0,10.0,,51-9161
Minnesota,2024,Year,6,519162,Computer Numerically Controlled Tool Programmers,28,1.9,22.69,24.34,38.26,15.86,17.25,19.11,27.31,30.92,0.0,1.0,20.0,89.0,21.0,15.0,,51-9162
Minnesota,2024,Year,6,519198,Helpers--Production Workers,155,5.1,17.12,17.22,30.32,11.94,11.96,11.98,21.34,23.28,11.0,52.0,0.0,7.0,0.0,5.0,,51-9198
Minnesota,2024,Year,6,519199,"Production Workers, All Other",34,0.6,19.11,19.73,27.51,14.38,14.71,16.56,21.78,23.95,15.0,0.0,0.0,9.0,0.0,11.0,,51-9199
Minnesota,2024,Year,2,530000,Transportation and Material Moving Occupations,7057,3.1,19.9,21.43,78.44,10.85,13.98,16.17,24.98,31.05,31.0,6.0,6.0,23.0,1.0,66.0,,53-0000
Minnesota,2024,Year,3,531000,Supervisors of Transportation and Material Moving,72,0.8,25.13,26.55,44.05,15.85,19.44,22.3,30.21,33.92,9.0,0.0,18.0,67.0,25.0,31.0,,53-1000
Minnesota,2024,Year,6,531047,First-Line Supervisors of Transportation and Mater,72,0.8,25.13,26.55,44.05,15.85,19.44,22.3,30.21,33.92,9.0,0.0,18.0,67.0,25.0,31.0,,53-1047
Minnesota,2024,Year,3,532000,Air Transportation Workers,162,2.3,39.58,42.0,78.44,28.47,35.43,37.05,43.62,46.29,0.0,0.0,91.0,98.0,19.0,100.0,,53-2000
Minnesota,2024,Year,6,532011,"Airline Pilots, Copilots, and Flight Engineers",114,,38.23,41.15,53.43,31.54,35.96,36.81,39.65,40.5,0.0,0.0,99.0,99.0,0.0,100.0,,53-2011
Minnesota,2024,Year,6,532012,Commercial Pilots,44,2.9,41.66,43.83,67.95,39.23,39.67,40.12,43.17,44.08,,,,,,,,53-2012
Minnesota,2024,Year,3,533000,Motor Vehicle Operators,3632,4.2,23.12,24.02,50.1,10.85,16.69,19.73,28.17,32.27,27.0,11.0,7.0,29.0,1.0,99.0,,53-3000
Minnesota,2024,Year,6,533011,"Ambulance Drivers and Attendants, Except Emergency",7,7.9,20.17,22.07,28.35,17.87,17.87,18.27,22.82,25.56,,0.0,0.0,0.0,0.0,100.0,,53-3011
Minnesota,2024,Year,6,533031,Driver/Sales Workers,435,4.9,20.68,21.72,42.04,10.85,14.61,16.82,25.15,30.32,30.0,1.0,1.0,3.0,0.0,96.0,,53-3031
Minnesota,2024,Year,6,533032,Heavy and Tractor-Trailer Truck Drivers,1885,4.9,25.65,26.52,50.03,12.9,19.14,22.08,30.78,34.17,17.0,4.0,12.0,43.0,0.0,100.0,,53-3032
Minnesota,2024,Year,6,533033,Light Truck Drivers,431,2.3,19.62,20.24,36.03,12.8,14.23,16.66,22.99,26.49,19.0,8.0,0.0,20.0,4.0,99.0,,53-3033
Minnesota,2024,Year,6,533051,"Bus Drivers, School",749,6.9,20.04,21.74,37.85,12.58,17.14,19.54,23.83,28.58,66.0,36.0,4.0,9.0,0.0,99.0,,53-3051
Minnesota,2024,Year,6,533052,"Bus Drivers, Transit and Intercity",36,1.5,23.59,23.99,31.64,12.0,17.32,20.8,26.79,28.49,61.0,0.0,0.0,64.0,0.0,100.0,,53-3052
Minnesota,2024,Year,6,533053,Shuttle Drivers and Chauffeurs,81,1.3,18.98,20.05,32.03,14.34,14.68,15.84,22.76,26.33,69.0,16.0,1.0,35.0,0.0,93.0,,53-3053
Minnesota,2024,Year,6,533099,"Motor Vehicle Operators, All Other",8,0.9,18.25,19.31,24.04,16.35,16.35,16.44,20.38,22.02,100.0,49.0,0.0,72.0,0.0,76.0,,53-3099
Minnesota,2024,Year,3,536000,Other Transportation Workers,104,2.8,15.88,17.09,31.16,12.93,13.43,14.23,18.72,21.26,28.0,1.0,1.0,11.0,0.0,64.0,,53-6000
Minnesota,2024,Year,6,536021,Parking Attendants,53,4.1,16.32,17.11,23.43,13.06,13.9,14.77,18.42,20.43,41.0,2.0,0.0,9.0,0.0,72.0,,53-6021
Minnesota,2024,Year,6,536031,Automotive and Watercraft Service Attendants,28,3.3,13.89,14.57,17.44,13.74,13.74,13.79,14.32,15.22,17.0,0.0,0.0,0.0,0.0,35.0,,53-6031
Minnesota,2024,Year,6,536032,Aircraft Service Attendants,19,2.2,17.88,18.62,20.92,15.26,16.01,17.41,18.36,19.45,55.0,0.0,,,,85.0,,53-6032
Minnesota,2024,Year,3,537000,Material Moving Workers,3078,2.6,16.56,17.32,38.25,10.95,13.94,13.99,19.03,22.54,38.0,2.0,1.0,14.0,1.0,26.0,,53-7000
Minnesota,2024,Year,6,537051,Industrial Truck and Tractor Operators,261,3.5,20.1,20.65,32.13,12.39,16.49,17.7,23.59,24.43,9.0,2.0,2.0,39.0,1.0,94.0,,53-7051
Minnesota,2024,Year,6,537061,Cleaners of Vehicles and Equipment,338,6.5,17.15,17.8,25.84,11.0,13.56,15.05,19.75,22.1,3.0,0.0,0.0,1.0,0.0,40.0,,53-7061
Minnesota,2024,Year,6,537062,"Laborers and Freight, Stock, and Material Movers,",618,1.1,18.42,19.01,36.46,11.51,13.86,16.17,21.0,24.26,22.0,3.0,1.0,14.0,3.0,27.0,,53-7062
Minnesota,2024,Year,6,537064,"Packers and Packagers, Hand",37,0.7,15.89,16.32,24.06,11.76,11.94,13.06,18.22,19.65,41.0,2.0,0.0,0.0,0.0,12.0,,53-7064
Minnesota,2024,Year,6,537065,Stockers and Order Fillers,1779,4.3,15.18,16.08,35.21,11.05,13.9,13.96,17.35,19.4,48.0,2.0,1.0,11.0,0.0,12.0,,53-7065
Minnesota,2024,Year,6,537081,Refuse and Recyclable Material Collectors,29,1.3,18.77,19.71,27.84,14.87,15.68,16.77,20.46,22.28,,,,,,,,53-7081
Minnesota,2024,Year,2,910000,Internships,1204,,20.29,21.09,63.04,9.42,15.39,16.84,23.69,28.92,25.0,81.0,86.0,7.0,1.0,30.0,,91-0000
Minnesota,2024,Year,3,911000,Internships,1204,,20.29,21.09,63.04,9.42,15.39,16.84,23.69,28.92,25.0,81.0,86.0,7.0,1.0,30.0,,91-1000
Minnesota,2024,Year,6,911111,Internships,1204,,20.29,21.09,63.04,9.42,15.39,16.84,23.69,28.92,25.0,81.0,86.0,7.0,1.0,30.0,,91-1111
Minnesota,2024,Year,2,920000,Apprenticeships,254,,16.72,18.22,35.75,14.13,15.89,16.32,18.12,22.87,15.0,77.0,38.0,15.0,3.0,86.0,,92-0000
